event_date,year,event_type,sub_event,actor1,actor2,admin1,admin2,location,city,latitude,longitude,fatalities,notes,source
2022-02-24,2022,Explosions/Remote violence,Shelling/artillery/missile attack,Military Forces of Ukraine (2019-),Military Forces of Russia (2000-) Air Force,Kyiv,Vyshhorodskyi,Vyshhorod,Kyiv,50.5848,30.4898,0,"On 24 February 2022, Ukrainian military forces shot down a Russian warplane in Vyshhorod, Kyiv. The aircraft crashed into a river.",ACLED API
2022-02-24,2022,Explosions/Remote violence,Shelling/artillery/missile attack,Military Forces of Russia (2000-),Military Forces of Ukraine (2019-),Odesa,Odeskyi,Odesa,Odessa,46.4639,30.7386,0,"On 24 February 2022, the military forces of Russia launched a rocket attack on Odesa, starting full-scale aggression against Ukraine. There were no injuries or fatalities.",ACLED API
2022-02-24,2022,Explosions/Remote violence,Shelling/artillery/missile attack,Military Forces of Russia (2000-),Military Forces of Ukraine (2019-),Kyiv,Obukhivskyi,Vasylkiv,Kyiv,50.1869,30.3135,0,"On 24 February 2022, the military forces of Russia launched a rocket attack on the airdrome in Vasylkiv, Kyiv. Casualties unknown.",ACLED API
2022-02-24,2022,Explosions/Remote violence,Shelling/artillery/missile attack,Military Forces of Russia (2000-),Military Forces of Ukraine (2019-),Kyiv,Obukhivskyi,Trypillia,Kyiv,50.1180,30.7814,0,"On 24 February 2022, Russian military forces launched a rocket attack on Trypilska Thermal Power Plant based near Trypillia, Kyiv. No injuries or fatalities were reported.",ACLED API
2022-02-24,2022,Explosions/Remote violence,Shelling/artillery/missile attack,Military Forces of Russia (2000-),Military Forces of Ukraine (2019-),Zaporizhia,Melitopolskyi,Melitopol,Zaporizhia,46.8489,35.3653,0,"On 24 February 2022, military forces of Russia launched a rocket attack on the Military facilities in Melitopol, Zaporizhia. There were no injuries or fatalities.",ACLED API
2022-02-24,2022,Explosions/Remote violence,Shelling/artillery/missile attack,Military Forces of Russia (2000-),Police Forces of Ukraine (2019-) State Border Guard Service,Kherson,Kakhovskyi,Preobrazhenka,Kherson,46.3970,33.4780,0,"On 24 February 2022, military forces of Russia fired shells from multiple rocket launchers on Border Guard positions near Preobrazhenka, Kherson. No injuries or fatalities were reported.",ACLED API
2022-02-24,2022,Battles,Non-state actor overtakes territory,Military Forces of Russia (2000-),Military Forces of Ukraine (2019-),Kherson,Henicheskyi,Henichesk,Kherson,46.1759,34.8034,0,"On 24 February 2022, fighting for the city of Henichesk continued throughout the day. Russian military forces seized control over all state structures in the Genichesk district, Kherson. There were vehicles in the town of Genichesk itself, and checkpoints with Russian troops in the vicinity. People leaving the city were being checked for membership in the Ukrainian Armed Forces.",ACLED API
2022-02-24,2022,Strategic developments,Change to group/activity,Military Forces of Russia (2000-),Military Forces of Ukraine (2019-),Kherson,Beryslavskyi,Beryslav,Kherson,46.8415,33.4284,0,"Movement of forces: On 24 February 2022, a column of military vehicles belonging to the military forces of Russia was reportedly moving from Nova Kakhovka, Kherson, to Velyka Oleksandrivka, Beryslav district. There was no shooting or active hostilities.",ACLED API
2022-02-24,2022,Explosions/Remote violence,Shelling/artillery/missile attack,Military Forces of Russia (2000-),Military Forces of Ukraine (2019-),Donetsk,Mariupolskyi,Mariupol,Mariupol,47.1298,37.5710,1,"On 24 February 2022, the military forces of Russia fired anti-tank rocket-propelled grenade launchers (RPG) at the positions of the military forces of Ukraine in Mariupol, Donetsk. As a result of the shelling, four civilians were wounded and a residential building was damaged. A civilian was killed by an explosion in Vostochny microdistrict. A Ukrainian radar base was destroyed.",ACLED API
2022-02-24,2022,Explosions/Remote violence,Air/drone strike,Military Forces of Russia (2000-) Air Force,,Kyiv,Obukhivskyi,Ukrainka,Kyiv,50.1532,30.7425,0,"On 24 February 2022, Russian airstrikes hit Ukrainka, Kyiv oblast. Target unknown. Casualties unknown.",ACLED API
2022-02-24,2022,Violence against civilians,Attack,Military Forces of Russia (2000-),Civilians (Ukraine),Kyiv,Buchanskyi,Mykhailivka-Rubezhivka,Kyiv,50.5201,30.1440,2,"On 24 February 2022, Russian military forces killed 2 children and wounded their father in Mykhailivka-Rubezhivka, Kyiv.",ACLED API
2022-02-24,2022,Explosions/Remote violence,Shelling/artillery/missile attack,Military Forces of Russia (2000-),Civilians (Ukraine),Kherson,Henicheskyi,Semykhatka,Kherson,46.1723,34.7320,1,"On 24 February 2022, a 17-year old Ukrainian civilian was killed during Russian shelling on the village of Semykhatka, Kherson oblast.",ACLED API
2022-02-24,2022,Battles,Armed clash,Military Forces of Ukraine (2019-),Military Forces of Russia (2000-),Kyiv,Buchanskyi,Bucha,Kyiv,50.5435,30.2120,0,"On 24 February 2022, assumed Ukrainian forces downed a Russian helicopter over Bucha, Kyiv oblast. Casualties unknown.",ACLED API
2022-02-24,2022,Explosions/Remote violence,Shelling/artillery/missile attack,Military Forces of Russia (2000-),,Dnipropetrovsk,Dniprovskyi,Dnipro,Dnipro,48.4593,35.0386,0,"On 24 February 2022, Russian forces shelled Dnipro, Dnipropetrovsk. Casualties unknown.",ACLED API
2022-02-24,2022,Explosions/Remote violence,Shelling/artillery/missile attack,Military Forces of Russia (2000-),Military Forces of Ukraine (2019-) National Guard,Odesa,Odeskyi,Odesa,Odessa,46.4639,30.7386,22,"On 24 February 2022, military forces of Russia launched a rocket attack on the different districts of the city and the Military base of the National Guard in Odesa. As a result of the shelling, 22 servicemen were killed.",ACLED API
2022-02-24,2022,Battles,Armed clash,Military Forces of Ukraine (2019-),NAF: United Armed Forces of Novorossiya,Donetsk,Horlivskyi,Horlivka,Donetsk,48.3133,38.0416,1,"On 24 February 2022, the Ukrainian forces fired unspecified weapons at the positions of Donbass People's Militia near Horlivka, Donetsk. During the day, eight locations were targeted. As a result, one civilian was killed and eight were wounded (fatalities coded to Horlivka event). Additionally, six residential buildings were damaged.",ACLED API
2022-02-24,2022,Battles,Armed clash,Military Forces of Ukraine (2019-),NAF: United Armed Forces of Novorossiya,Donetsk,Horlivskyi,Ozeryanivka,Donetsk,48.2737,37.9725,0,"On 24 February 2022, the Ukrainian forces fired unspecified weapons at the positions of Donbass People's Militia near Ozeryanivka, Donetsk. During the day, eight locations were targeted. As a result, one civilian was killed and eight were wounded (fatalities coded to Horlivka event). Additionally, two residential buildings were damaged.",ACLED API
2022-02-24,2022,Battles,Armed clash,Military Forces of Ukraine (2019-),NAF: United Armed Forces of Novorossiya,Donetsk,Horlivskyi,Olenovka,Donetsk,48.2650,38.2586,0,"On 24 February 2022, the Ukrainian forces fired unspecified weapons at the positions of Donbass People's Militia near Olenovka, Donetsk. During the day, eight locations were targeted. As a result, one civilian was killed and eight were wounded (fatalities coded to Horlivka event). Additionally, two residential buildings were damaged.",ACLED API
2022-02-24,2022,Battles,Armed clash,Military Forces of Ukraine (2019-),NAF: United Armed Forces of Novorossiya,Donetsk,Kalmiuskyi,Dokuchaevsk,Donetsk,47.7492,37.6777,0,"On 24 February 2022, the Ukrainian forces fired unspecified weapons at the positions of Donbass People's Militia near Dokuchaevsk, Donetsk. During the day, eight locations were targeted. As a result, one civilian was killed and eight were wounded (fatalities coded to Horlivka event). Additionally, one residential building was damaged.",ACLED API
2022-02-24,2022,Explosions/Remote violence,Shelling/artillery/missile attack,Military Forces of Russia (2000-),Civilians (Ukraine),Kharkiv,Kharkivskyi,Kharkiv,Kharkiv,49.9808,36.2527,1,"On 24 February 2022, Russian forces fired heavy multiple rocket launcher systems Smerch, machine guns and grenade launchers at Kharkiv. A large fuel depot caught fire at night. One municipal worker was killed, 23 civilians were wounded.",ACLED API
2022-02-24,2022,Explosions/Remote violence,Shelling/artillery/missile attack,Military Forces of Russia (2000-),Military Forces of Ukraine (2019-),Donetsk,Kramatorskyi,Kramatorsk,Donetsk,48.7306,37.5816,0,"On 24 February 2022, the military forces of Russia launched a rocket attack on Kramatorsk, Donetsk, starting full-scale aggression against Ukraine. There were no injuries or fatalities.",ACLED API
2022-02-24,2022,Battles,Armed clash,Military Forces of Russia (2000-),Military Forces of Ukraine (2019-),Kyiv,Boryspilskyi,Boryspil,Kyiv,50.3527,30.9550,0,"On 24 February 2022, the military forces of Russia launched a rocket attack on Boryspil, Kyiv, starting full-scale aggression against Ukraine. Additionally, following a battle, Russian air forces failed to secure the Boryspil airport. Casualties unknown.",ACLED API
2022-02-24,2022,Battles,Armed clash,Military Forces of Russia (2000-),Military Forces of Ukraine (2019-),Luhansk,Shchastynskyi,Schastia,Luhansk,48.7412,39.2354,50,"On 24 February 2022, the military forces of Russia launched a rocket attack on Schastia, Luhansk. Fighting for the city continued throughout the day, as a result of which the Ukrainian military forces regained control over Schastia and eliminated 50 soldiers of Russian military forces.",ACLED API
2022-02-24,2022,Explosions/Remote violence,Air/drone strike,Military Forces of Russia (2000-) Air Force,Military Forces of Ukraine (2019-),Mykolaiv,Mykolaivskyi,Mykolaiv,Mykolaiv,46.9672,32.0183,0,"On 24 February 2022, a Russian airstrike targeted the Mykolaiv (Kulbakyne) air base near Mykolaiv, creating a large crater outside the base. Casualties unknown.",ACLED API
2022-02-24,2022,Strategic developments,Other,Military Forces of Ukraine (2019-) Air Force,,Kyiv,Obukhivskyi,Trypillia,Kyiv,50.1180,30.7814,5,"Other: On 24 February 2022, a Ukrainian military plane crashed in a field between Trypillia and Zhukivtsi (coded to Trypillia, Kyiv region). There were 15 military personnel on board, among which 5 were killed.",ACLED API
2022-02-24,2022,Battles,Armed clash,Military Forces of Ukraine (2019-),Military Forces of Russia (2000-),Kharkiv,Kharkivskyi,Kharkiv,Kharkiv,49.9808,36.2527,3,"On 24 February 2022, Ukrainian and Russian military forces engaged in an armed clash on the road near Kharkiv (Kharkiv). Ukrainian forces destroyed a number of Russian tanks and armoured vehicles and inflicting losses on Russian military. Unspecified fatalities coded as 3.",ACLED API
2022-02-24,2022,Explosions/Remote violence,Air/drone strike,Military Forces of Russia (2000-) Air Force,,Kyiv City,Kyiv,Kyiv - Solomyanskyi,Kyiv,50.4267,30.4538,0,"On 24 February 2022, Russian air forces launched a missile targeting a runway at the International Airport 'Zhuliany', in Kyiv - Solomyanskyi district (Kyiv). Casualties unknown.",ACLED API
2022-02-24,2022,Explosions/Remote violence,Shelling/artillery/missile attack,Military Forces of Ukraine (2019-),Military Forces of Russia (2000-) Air Force,Kyiv City,Kyiv,Kyiv,Kyiv,50.4496,30.5224,0,"On 24 February 2022, Ukrainian forces downed a Russian aircraft over Kyiv (Kyiv region). Casualties unknown.",ACLED API
2022-02-24,2022,Strategic developments,Change to group/activity,Government of Ukraine (2019-),,Kyiv City,Kyiv,Kyiv,Kyiv,50.4496,30.5224,0,"Security measures: On 24 February 2022, President of Ukraine in Kyiv signed a decree, which was approved by Verkhovna Rada, on the introduction of martial law in Ukraine. This decision was taken due to Russia's military aggression against Ukraine. On 2 May 2023, Verkhovna Rada of Ukraine in Kyiv prolonged the martial law in Ukraine.",ACLED API
2022-02-24,2022,Explosions/Remote violence,Shelling/artillery/missile attack,Military Forces of Russia (2000-),Military Forces of Ukraine (2019-),Kyiv City,Kyiv,Kyiv,Kyiv,50.4496,30.5224,0,"On 24 February 2022, the military forces of Russia launched a rocket attack on Kyiv, starting full-scale aggression against Ukraine. There were no injuries or fatalities.",ACLED API
2022-02-24,2022,Explosions/Remote violence,Shelling/artillery/missile attack,Military Forces of Russia (2000-),Military Forces of Ukraine (2019-),Kyiv City,Kyiv,Kyiv,Kyiv,50.4496,30.5224,5,"On 24 February 2022, the Russian military forces shot down a Ukrainian military aircraft in Kyiv region. Five people were killed.",ACLED API
2022-02-24,2022,Battles,Non-state actor overtakes territory,Military Forces of Russia (2000-) Navy,Police Forces of Ukraine (2019-) State Border Guard Service,Odesa,,Zmiyinyy Island,Odessa,45.2549,30.2037,0,"On 24 February 2022, Russian military forces seized control over Zmiyinyy Island, Odesa, also known as 'Snake Island'. Initially, the 13 Ukrainian border guards on the island were presumed killed in the Russian naval bombardment, but later reports from the Ukraininan armed forces claim they are 'alive and well', having been taken captive after running out of ammunition.",ACLED API
2022-02-24,2022,Explosions/Remote violence,Air/drone strike,Military Forces of Russia (2000-) Air Force,,Odesa,,Coast of Odesa,Odessa,45.8900,30.5970,0,"On 24 February 2022, a Russian air force missile hit the Turkish-owned bulk carrier vessel Yasa Jupiter off the Coast of Odesa, 50nm south of the city, after it had unloaded cargo in Ukraine. The vessel sustained damage but managed to divert to Romanian territorial waters. No fatalities.",ACLED API
2022-02-24,2022,Explosions/Remote violence,Remote explosive/landmine/IED,Military Forces of Ukraine (2019-),,Kharkiv,Chuhuivskyi,Pechenihy,Kharkiv,49.8717,36.9347,0,"On 24 February 2022, Ukrainian military forces detonated an explosive and destroyed a dam on the river of Siverskyy Donets in the village of Pechenihy, Kharkiv, to make the passage of Russian troops more difficult. There were no injuries or fatalities.",ACLED API
2022-02-24,2022,Violence against civilians,Attack,Military Forces of Russia (2000-),Civilians (Ukraine),Kharkiv,Chuhuivskyi,Vovchansk,Kharkiv,50.2908,36.9411,1,"On 24 February 2022, military forces of Russia fired small arms at a civilian who was in a passenger car that was moving against a Russian army convoy and did not stop near Vovchansk, Kharkiv. As a result, a woman was killed and the other two passengers were wounded.",ACLED API
2022-02-24,2022,Explosions/Remote violence,Shelling/artillery/missile attack,Military Forces of Russia (2000-),Military Forces of Ukraine (2019-),Kherson,Khersonskyi,Chornobaivka,Kherson,46.6974,32.5526,0,"On 24 February 2022, the military forces of Russia launched a rocket attack on Chornobaivka, Kherson, starting full-scale aggression against Ukraine. There were no injuries or fatalities.",ACLED API
2022-02-24,2022,Explosions/Remote violence,Shelling/artillery/missile attack,Military Forces of Russia (2000-),Military Forces of Ukraine (2019-),Kherson,Khersonskyi,Kherson,Kherson,46.6558,32.6178,0,"On 24 February 2022, the military forces of Russia launched a rocket attack on the airport in Kherson. Casualties unknown.",ACLED API
2022-02-24,2022,Explosions/Remote violence,Shelling/artillery/missile attack,Military Forces of Russia (2000-),Military Forces of Ukraine (2019-),Kyiv,Brovarskyi,Brovary,Kyiv,50.5181,30.8067,6,"On 24 February 2022, the military forces of Russia launched two missile strikes on a military facility in Brovary, Kyiv. As a result of a shelling, 6 civilians were killed and 12 were wounded.",ACLED API
2022-02-24,2022,Battles,Armed clash,Military Forces of Russia (2000-),Military Forces of Ukraine (2019-),Kherson,Khersonskyi,Antonivka,Kherson,46.6799,32.6925,0,"On 24 February 2022, a battle between Ukrainian and Russian military forces took place over a bridge in Antonivka, Kherson oblast. Among ground soldiers were at least two Ukrainian BRDM-2 vehicles, Russian Ural trucks, and Msta-B howitzers. Casualties unknown.",ACLED API
2022-02-24,2022,Battles,Armed clash,Military Forces of Russia (2000-),Military Forces of Ukraine (2019-),Kherson,Kakhovskyi,Kakhovka,Kherson,46.8137,33.4870,0,"On 24 February 2022, Russian forces attacked Kakhovka, Kherson, clashing with Ukrainian forces. Casualties unknown.",ACLED API
2022-02-24,2022,Battles,Non-state actor overtakes territory,Military Forces of Russia (2000-),Military Forces of Ukraine (2019-),Kherson,Kakhovskyi,Nova Kakhovka,Kherson,46.7545,33.3486,0,"On 24 February 2022, Russian military forces seized control over Kakhovka Hydroelectric Power Plant, which is based in 5 km from Nova Kakhovka, Kherson. Casualties unknown.",ACLED API
2022-02-24,2022,Violence against civilians,Attack,Military Forces of Russia (2000-),Civilians (Ukraine),Kherson,Kakhovskyi,Nova Kakhovka,Kherson,46.7545,33.3486,5,"On 24 February 2022, Russian military forces opened fire on a civilian car in Nova Kakhovka, Kherson. As a result, 5 people, including 2 children, were killed.",ACLED API
2022-02-24,2022,Battles,Armed clash,Military Forces of Ukraine (2019-),NAF: United Armed Forces of Novorossiya,Donetsk,Kalmiuskyi,Sakhanka,Donetsk,47.1272,37.8601,0,"On 24 February 2022, the Ukrainian forces fired unspecified weapons at the positions of Donbass People's Militia near Sakhanka, Donetsk. During the day, eight locations were targeted. As a result, one civilian was killed and eight were wounded (fatalities coded to Horlivka event).",ACLED API
2022-02-24,2022,Battles,Armed clash,Military Forces of Ukraine (2019-),NAF: United Armed Forces of Novorossiya,Donetsk,Kalmiuskyi,Uzhivka,Donetsk,47.1446,37.8563,0,"On 24 February 2022, the Ukrainian forces fired unspecified weapons at the positions of Donbass People's Militia near Uzhivka, Donetsk. During the day, eight locations were targeted. As a result, one civilian was killed and eight were wounded (fatalities coded to Horlivka event).",ACLED API
2022-02-24,2022,Battles,Armed clash,Military Forces of Ukraine (2019-),NAF: United Armed Forces of Novorossiya,Donetsk,Mariupolskyi,Kominternove,Mariupol,47.1745,37.8110,0,"On 24 February 2022, the Ukrainian forces fired unspecified weapons at the positions of Donbass People's Militia near Kominternove, Donetsk. During the day, eight locations were targeted. As a result, one civilian was killed and eight were wounded (fatalities coded to Horlivka event).",ACLED API
2022-02-24,2022,Battles,Armed clash,Military Forces of Ukraine (2019-),NAF: United Armed Forces of Novorossiya,Donetsk,Mariupolskyi,Zayichenko,Mariupol,47.1808,37.8614,0,"On 24 February 2022, the Ukrainian forces fired unspecified weapons at the positions of Donbass People's Militia near Zayichenko, Donetsk. During the day, eight locations were targeted. As a result, one civilian was killed and eight were wounded (fatalities coded to Horlivka event).",ACLED API
2022-02-24,2022,Explosions/Remote violence,Shelling/artillery/missile attack,Military Forces of Russia (2000-),Civilians (Ukraine),Donetsk,Volnovaskyi,Vuhledar,Donetsk,47.7789,37.2481,4,"On 24 February 2022, a Russian 9M79-series Tochka ballistic missile carrying 9N123 type cluster munition hit Central City Hospital in Vuhledar, Donetsk oblast. The attack killed four civilians and injured another 10, six of them healthcare workers, and damaged the hospital, an ambulance, and civilian vehicles.",ACLED API
2022-02-24,2022,Battles,Non-state actor overtakes territory,Military Forces of Russia (2000-),Military Forces of Ukraine (2019-),Luhansk,Starobilskyi,Milove,Luhansk,49.3753,40.1322,0,"On 24 February 2022, Russian military forces seized control over Milove, Luhansk. Casualties unknown.",ACLED API
2022-02-24,2022,Battles,Non-state actor overtakes territory,Military Forces of Russia (2000-),Military Forces of Ukraine (2019-),Kyiv,Vyshhorodskyi,Pripyat,Kyiv,51.4050,30.0656,0,"On 24 February 2022, Russian military forces seized control over Chornobyl Nuclear Plant in Pripyat, Kyiv. No casualties. Russian forces captured 168 Ukrainian national guards as prisoners of war. Later, 84 PoWs were exchanged in a prisoner swap with Russia on 31 May and 25 June 2024 respectively. 84 PoWs are still held captivity.",ACLED API
2022-02-24,2022,Strategic developments,Other,Government of Ukraine (2019-),Government of Russia (2000-),Kyiv City,Kyiv,Kyiv,Kyiv,50.4496,30.5224,0,"Other: On 24 February 2022, Ukraine broke off diplomatic relations with Russia after the start of a military operation and rocket attacks on a number of Ukrainian cities on February 24, 2022. [coded to Kyiv].",ACLED API
2022-02-24,2022,Explosions/Remote violence,Shelling/artillery/missile attack,Military Forces of Ukraine (2019-),,Donetsk,Horlivskyi,Logvinovo,Donetsk,48.3800,38.3471,0,"On 24 February 2022, the Ukrainian Forces fired IFVs and 120mm mortars at the positions of the Luhansk People's Militia near Logvinovo, Donetsk. There were no injuries or fatalities.",ACLED API
2022-02-24,2022,Explosions/Remote violence,Shelling/artillery/missile attack,Military Forces of Ukraine (2019-),,Luhansk,Alchevskyi,Donetskyi,Donetsk,48.6963,38.6738,0,"On 24 February 2022, the Ukrainian Forces fired 120mm mortars at the positions of the Luhansk People's Militia near Donetskyi, Luhansk. As a result of shelling, 4 residential buildings were damaged. There were no injuries or fatalities.",ACLED API
2022-02-24,2022,Explosions/Remote violence,Shelling/artillery/missile attack,Military Forces of Ukraine (2019-),,Luhansk,Alchevskyi,Holubivske,Luhansk,48.6920,38.6036,0,"On 24 February 2022, the Ukrainian Forces fired 120mm mortars at the positions of the Luhansk People's Militia near Holubivske, Luhansk. There were no injuries or fatalities.",ACLED API
2022-02-24,2022,Explosions/Remote violence,Shelling/artillery/missile attack,Military Forces of Ukraine (2019-),,Luhansk,Alchevskyi,Pervomaisk,Luhansk,48.6295,38.5490,0,"On 24 February 2022, the Ukrainian Forces fired 122mm mortars at the positions of the Luhansk People's Militia near Pervomaisk, Luhansk. As a result of shelling, 4 residential buildings were damaged. There were no injuries or fatalities.",ACLED API
2022-02-24,2022,Explosions/Remote violence,Shelling/artillery/missile attack,Military Forces of Ukraine (2019-),,Luhansk,Sievierodonetskyi,Zolote-5,Donetsk,48.6719,38.5600,0,"On 24 February 2022, the Ukrainian Forces fired 120mm mortars at the positions of the Luhansk People's Militia near Zolote-5, Luhansk. There were no injuries or fatalities.",ACLED API
2022-02-24,2022,Battles,Armed clash,Military Forces of Russia (2000-),Military Forces of Ukraine (2019-),Luhansk,Starobilskyi,Starobilsk,Luhansk,49.2783,38.9107,0,"On 24 February 2022, Russian tanks, infantry fighting vehicles and infantry attacked the positions of Ukrainian military forces on the outskirts of Starobilsk, Luhansk. There were no injuries or fatalities.",ACLED API
2022-02-24,2022,Explosions/Remote violence,Shelling/artillery/missile attack,Military Forces of Russia (2000-),Military Forces of Ukraine (2019-) Air Force,Kharkiv,Chuhuivskyi,Chuhuiv,Kharkiv,49.8359,36.6880,0,"On 24 February 2022, Russian forces hit a Ukrainian military air base in Chuhuiv (Kharkiv). Casualties unknown.",ACLED API
2022-02-24,2022,Explosions/Remote violence,Air/drone strike,Military Forces of Russia (2000-) Air Force,Police Forces of Ukraine (2019-) State Border Guard Service,Kherson,Skadovskyi,Skadovsk,Kherson,46.1161,32.9112,3,"On 24 February 2022, Russian attack helicopters shelled Ukrainian border guards in Skadovsk, Kherson. As a result, 3 Ukrainian border guards were killed and several more wounded.",ACLED API
2022-02-24,2022,Battles,Armed clash,Military Forces of Russia (2000-),Military Forces of Ukraine (2019-),Donetsk,Mariupolskyi,Pyshchevyk,Mariupol,47.2420,37.7925,0,"On 24 February 2022, Russian forces attempted to break through Ukrainian defensive lines with mechanized assaults in Pyshchevyk, Donetsk. Ukrainian forces destroyed 3 Russian tanks. Casualties unknown.",ACLED API
2022-02-24,2022,Battles,Armed clash,Military Forces of Russia (2000-),Military Forces of Ukraine (2019-),Kherson,Henicheskyi,Ivanivka,Kherson,46.7208,34.5530,0,"On 24 February 2022, Russian and the Ukrainian forces engaged in an armed clash near Ivanivka, Kherson. Casualties unknown.",ACLED API
2022-02-24,2022,Battles,Armed clash,Military Forces of Russia (2000-),Military Forces of Ukraine (2019-),Kherson,Khersonskyi,Kopani,Kherson,46.8103,32.3047,0,"On 24 February 2022, Russian and the Ukrainian forces engaged in an armed clash near Kopani, Kherson. Casualties unknown.",ACLED API
2022-02-24,2022,Battles,Non-state actor overtakes territory,NAF: United Armed Forces of Novorossiya,Military Forces of Ukraine (2019-),Donetsk,Volnovaskyi,Novohnativka,Donetsk,47.6431,37.6948,0,"On 24 February 2022, according to Russian sources, following clashes with Ukrainian military, 'DPR' forces established control over Novohnativka, Donetsk. Casualties unknown.",ACLED API
2022-02-24,2022,Explosions/Remote violence,Shelling/artillery/missile attack,Military Forces of Russia (2000-),Military Forces of Ukraine (2019-),Odesa,Podilskyi,Podilsk,Odessa,47.7531,29.5321,0,"On 24 February 2022, Russian forces (likely by a ballistic missile strike) hit an unspecified Ukrainian military location in Podilsk, Odesa. As a result of the missile strike, at least 10 Ukrainian servicemen were injured and admitted to the military hospital.",ACLED API
2022-02-24,2022,Explosions/Remote violence,Shelling/artillery/missile attack,Military Forces of Russia (2000-),,Odesa,Bilhorod-Dnistrovskyi,Karolino-Buhaz,Odessa,46.1453,30.5264,0,"On 24 February 2022, Russian forces launched a (likely-ballistic) missile at an unidentified target in Karolino-Buhaz, Odesa. Casualties unknown.",ACLED API
2022-02-24,2022,Explosions/Remote violence,Shelling/artillery/missile attack,Military Forces of Russia (2000-),,Odesa,Odeskyi,Hrybivka,Odessa,46.2086,30.5645,0,"On 24 February 2022, Russian forces launched a (likely-ballistic) missile at an unidentified target in Hrybivka, Odesa. Casualties unknown.",ACLED API
2022-02-24,2022,Explosions/Remote violence,Shelling/artillery/missile attack,Military Forces of Russia (2000-),Civilians (Ukraine),Kharkiv,Chuhuivskyi,Chuhuiv,Kharkiv,49.8359,36.6880,1,"On 24 February 2022, the military forces of Russia fired heavy multiple rocket launcher systems on Chuhuiv, Kharkiv. As a result of the explosion, a residential building was damaged and a minor boy died. 19 civilians were wounded",ACLED API
2022-02-24,2022,Explosions/Remote violence,Shelling/artillery/missile attack,Military Forces of Ukraine (2019-),Military Forces of Russia (2000-) Air Force,Kyiv,Buchanskyi,Hostomel,Kyiv,50.5882,30.2590,0,"On 24 February 2022, Ukrainian forces shot down a Russian KA-52 attack helicopter near Hostomel, Kyiv. Casualties unknown.",ACLED API
2022-02-24,2022,Battles,Armed clash,Military Forces of Russia (2000-) Air Force,Military Forces of Ukraine (2019-),Kyiv,Buchanskyi,Hostomel,Kyiv,50.5882,30.2590,0,"On 24 February 2022, military forces of Russia conducted airstrikes on the airdrome in Hostomel, Kyiv. Ukrainian military forces engaged in the attack and destroyed three Russian helicopters. There were no injuries or fatalities.",ACLED API
2022-02-24,2022,Violence against civilians,Attack,Military Forces of Russia (2000-),Civilians (Ukraine),Kyiv,Buchanskyi,Hostomel,Kyiv,50.5882,30.2590,1,"On 24 February 2022, Russian forces shot an emergency officer in Hostomel, Kyiv when he tried to evacuate his employees. The body was found with 7 shots after liberation of Hostomel in early April 2022.",ACLED API
2022-02-24,2022,Battles,Non-state actor overtakes territory,Military Forces of Russia (2000-),Military Forces of Ukraine (2019-),Luhansk,Alchevskyi,Horodyshche,Luhansk,48.3232,38.6335,0,"On 24 February 2022, Russian military forces placing white cars with OSCE symbols in front of the convoy, seized control over Horodyshche, Luhansk. Casualties unknown.",ACLED API
2022-02-24,2022,Explosions/Remote violence,Shelling/artillery/missile attack,Military Forces of Russia (2000-),Military Forces of Ukraine (2019-) National Guard,Kyiv,Vyshhorodskyi,Novi Petrivtsi,Kyiv,50.6230,30.4463,0,"On 24 February 2022, Russian forces shelled a Ukrainian National Guard command center in Novi Petrivtsi, Kyiv, causing a fire. Casualties unknown.",ACLED API
2022-02-24,2022,Explosions/Remote violence,Shelling/artillery/missile attack,Military Forces of Russia (2000-),Military Forces of Ukraine (2019-),Kyiv,Bilotserkivskyi,Olshanytsia,Kyiv,49.6612,30.6417,0,"On 24 February 2022, Russian forces shelled a Ukrainian ammunition depot in Olshanytsia, Kyiv, causing a fire. Casualties unknown.",ACLED API
2022-02-24,2022,Explosions/Remote violence,Shelling/artillery/missile attack,Military Forces of Russia (2000-),Police Forces of Ukraine (2019-) State Emergency Service of Ukraine,Kyiv,Vyshhorodskyi,Vyshhorod,Kyiv,50.5848,30.4898,0,"On 24 February 2022, Russian forces shelled the 39th civil protection directorate (coded as Police Forces of Ukraine (2019-) State Emergency Service of Ukraine) in Vyshhorod, Kyiv, causing a fire. Casualties unknown.",ACLED API
2022-03-02,2022,Explosions/Remote violence,Shelling/artillery/missile attack,Military Forces of Russia (2000-),Civilians (Ukraine),Donetsk,Mariupolskyi,Mariupol,Mariupol,47.1298,37.5710,3,"On 2 March 2022, Russian forces fired artillery at maternity hospital, several houses in Levoberezhny neighborhood, and a missile at 42th school in Kalmiusk district in Mariupol, Donetsk. Three civilians died.",ACLED API
2022-03-02,2022,Battles,Armed clash,Military Forces of Russia (2000-),Military Forces of Ukraine (2019-),Kharkiv,Kharkivskyi,Kharkiv,Kharkiv,49.9808,36.2527,2,"On 2 March 2022, after midnight, Russian paratroopers attacked the military hospital in the northern part of Kharkiv and clashed with the Ukrainian forces. Around 112 people received injuries and 21 died during the last 24 hours in the whole region. [10 fatalities coded, the other 11 fatalities split among 6 events]",ACLED API
2022-03-02,2022,Explosions/Remote violence,Air/drone strike,Military Forces of Russia (2000-) Air Force,Military Forces of Ukraine (2019-) Territorial Defense Forces,Kharkiv,Kharkivskyi,Kharkiv,Kharkiv,49.9808,36.2527,4,"On 2 March 2022, Russian air force shelled a school in Saltovka neighborhood, at Holodna Hora area, on Mirnositska street in Kharkiv, damaging the school. The air force also dropped two bombs, including a thermobaric bomb, on the TV tower in the city. Russian Military forces also shelled a base of the territorial defence forces, several buildings, including a police building, the sociology university, the Tools-Making Plant, and a blind children caretaking institution in Kharkiv. The Uspensky Cathedral was also damaged. During the night, Russian Su-25 delivered strikes at the 5th thermal power plant, at the tank training facility, and at a dormitory on Klochkivskyi street in Kharkiv. Four people, all police forces, were killed, nine were injured, including civilians.",ACLED API
2022-03-02,2022,Battles,Armed clash,Military Forces of Russia (2000-),Military Forces of Ukraine (2019-),Kyiv,Buchanskyi,Irpin,Kyiv,50.5218,30.2506,0,"On 2 March 2022, there was an armed clash between the Russian military forces and the Ukrainian military forces in Irpin, Kyiv. Russian air force, two Su-25 jets, bombed residential buildings in the morning. In addition, a gas pipeline was damaged. Injuries and fatalities are unknown.",ACLED API
2022-03-02,2022,Explosions/Remote violence,Air/drone strike,Military Forces of Ukraine (2019-),Military Forces of Russia (2000-),Kyiv,Vyshhorodskyi,Dymer,Kyiv,50.7834,30.3075,0,"On 2 March 2022, an alleged Ukrainian Bayraktar TB2 drone strike hit a Russian military convoy near Dymer, Kyiv oblast, causing a large explosion. Casualties unknown.",ACLED API
2022-03-02,2022,Explosions/Remote violence,Shelling/artillery/missile attack,Military Forces of Russia (2000-),,Luhansk,Sievierodonetskyi,Lysychansk,Donetsk,48.9054,38.4353,0,"On 2 March 2022, Russian Military shelled a shop, a playground, a brewery, and a TV tower in Lysychansk, Luhansk. Two shells damaged two houses. Injuries and fatalities are unknown.",ACLED API
2022-03-02,2022,Explosions/Remote violence,Shelling/artillery/missile attack,Military Forces of Russia (2000-),,Luhansk,Sievierodonetskyi,Popasna,Donetsk,48.6333,38.3780,0,"On 2 March 2022, Russian military shelled houses and the railway cars repair factory in Popasna, Luhansk. Injuries and fatalities are unknown.",ACLED API
2022-03-02,2022,Explosions/Remote violence,Shelling/artillery/missile attack,Military Forces of Russia (2000-),,Luhansk,Sievierodonetskyi,Severodonetsk,Donetsk,48.9467,38.4914,0,"On 2 March 2022, Russian fired a missile at the 16th school and a kindergarten in Severodonetsk, Luhansk. There were no casualties.",ACLED API
2022-03-02,2022,Battles,Armed clash,Military Forces of Ukraine (2019-),Military Forces of Russia (2000-) Special Forces,Mykolaiv,Mykolaivskyi,Mykolaiv,Mykolaiv,46.9672,32.0183,0,"On 2 March 2022, Ukrainian forces deflected a group of Russian special forces near Mykolaiv. Casualties unknown.",ACLED API
2022-03-02,2022,Explosions/Remote violence,Shelling/artillery/missile attack,Military Forces of Russia (2000-) Navy,Civilians (International),Mykolaiv,Mykolaivskyi,Port of Olviya,Mykolaiv,46.8322,31.9539,1,"On 2 March 2022, a Russian navy ship fired a missile at Bangladesh-registered civilian ship (Banglar Samriddh) in the Port of Olviya, Mykolaiv. The ship caught on fire. One Bangladeshi member of the crew died.",ACLED API
2022-03-02,2022,Explosions/Remote violence,Shelling/artillery/missile attack,Military Forces of Russia (2000-),,Odesa,Odeskyi,Odesa,Odessa,46.4639,30.7386,0,"On 2 March 2022, Russian troops fired a missile at the area near the international airport of Odesa. Injuries or fatalities are unknown.",ACLED API
2022-03-02,2022,Explosions/Remote violence,Remote explosive/landmine/IED,Military Forces of Russia (2000-),Military Forces of Ukraine (2019-),Zaporizhia,Polohivskyi,Rozivka,Zaporizhia,47.3848,37.0679,0,"On 2 March 2022, Russian forces set an explosion at the a munitions deposit in Rozivka, Zaporizhia. Three people were injured.",ACLED API
2022-03-02,2022,Battles,Armed clash,Police Forces of Ukraine (2019-),Unidentified Armed Group (Ukraine),Dnipropetrovsk,Kamianskyi,Kamianske,Dnipro,48.5212,34.6114,0,"On 2 March 2022, Ukrainian police captured two men in Kamianske, Dnipropetrovsk, prepared to launch armed attacks against civilians. The men were armed with Makarov handguns, and a RGD-5 grenade.",ACLED API
2022-03-02,2022,Battles,Armed clash,Military Forces of Russia (2000-),Military Forces of Ukraine (2019-),Mykolaiv,Bashtanskyi,Snihurivka,Mykolaiv,47.0702,32.7914,0,"On 2 March 2022, the Russian military forces launched an offensive against the Ukrainian forces near Snihurivka, Mykolaiv. Casualties unknown.",ACLED API
2022-03-02,2022,Battles,Armed clash,Military Forces of Russia (2000-),Military Forces of Ukraine (2019-),Kherson,Skadovskyi,Skadovsk,Kherson,46.1161,32.9112,0,"On 2 March 2022, the Russian military forces launched an offensive against the Ukrainian forces near Skadovsk, Kherson. Casualties unknown.",ACLED API
2022-03-02,2022,Battles,Armed clash,Military Forces of Russia (2000-),Military Forces of Ukraine (2019-),Zaporizhia,Vasylivskyi,Vasylivka,Zaporizhia,47.4369,35.2742,0,"On 2 March 2022, there was an armed clash between the Russian military forces and the Ukrainian military forces near Vasylivka, Zaporizhia. Casualties unknown.",ACLED API
2022-03-02,2022,Battles,Armed clash,Military Forces of Russia (2000-),Military Forces of Ukraine (2019-),Zaporizhia,Berdianskyi,Chervone Pole,Zaporizhia,47.0301,37.0643,0,"On 2 March 2022, there was an armed clash between the Russian military forces and the Ukrainian military forces near Chervone Pole, Zaporizhia. Casualties unknown.",ACLED API
2022-03-02,2022,Explosions/Remote violence,Shelling/artillery/missile attack,Military Forces of Russia (2000-),Civilians (Ukraine),Donetsk,Mariupolskyi,Manhush,Mariupol,47.0558,37.3107,1,"On 2 March 2022, Russian military shelled houses in Manhush, Donetsk. One civilian died, two police officers were injured.",ACLED API
2022-03-02,2022,Explosions/Remote violence,Air/drone strike,Military Forces of Ukraine (2019-) Air Force,Military Forces of Russia (2000-),Kyiv,Brovarskyi,Rusaniv,Kyiv,50.4964,31.1644,0,"On 2 March 2022, Ukrainian air force fired at the Russian military vehicles going towards Rusaniv, Kyiv. Injuries or casualties are unknown.",ACLED API
2022-03-02,2022,Explosions/Remote violence,Shelling/artillery/missile attack,Military Forces of Russia (2000-),,Kyiv City,Kyiv,Kyiv - Obolonskyi,Kyiv,50.5286,30.4749,0,"On 2 March 2022, Russian forces fired two times at high rise buildings in Kyiv - Obolonskyi. Casualties unknown. High rise apartment blocs were set on fire.",ACLED API
2022-03-02,2022,Explosions/Remote violence,Shelling/artillery/missile attack,Military Forces of Russia (2000-),,Kyiv,Vyshhorodskyi,Vyshhorod,Kyiv,50.5848,30.4898,0,"On 2 March 2022, Russian forces fired at civilian buildings in the Vinohradar area of Vyshhorod, Kyiv. Casualties unknown.",ACLED API
2022-03-02,2022,Explosions/Remote violence,Shelling/artillery/missile attack,Military Forces of Russia (2000-),Military Forces of Ukraine (2019-),Luhansk,Alchevskyi,Zolote-4,Luhansk,48.6793,38.5145,0,"On 2 March 2022, Russian forces shelled Ukrainian positions near Zolote-4, Luhansk. Injuries or fatalities are unknown.",ACLED API
2022-03-02,2022,Explosions/Remote violence,Shelling/artillery/missile attack,Military Forces of Ukraine (2019-) National Guard (Azov),Military Forces of Russia (2000-),Donetsk,Mariupolskyi,Staryi Krym,Mariupol,47.1614,37.4869,0,"On 2 March 2022, Ukrainian forces, led by Azov Battalion, fired artillery at Russian positions in Staryi Krym, Donetsk. A Rys' armoured vehicle and a Kamaz truck were damaged. Casualties unknown. The Ukrainians used a drone for visual targeting.",ACLED API
2022-03-02,2022,Explosions/Remote violence,Air/drone strike,Military Forces of Russia (2000-) Air Force,Military Forces of Ukraine (2019-),Kharkiv,Iziumskyi,Izium,Kharkiv,49.2088,37.2485,8,"On 2 March 2022, Russian forces conducted airstrikes as well as shelling on a Ukrainian checkpoint and a residential area near Izium, Kharkiv. Eight civilians, including two children, were killed. A gas pipeline was damaged.",ACLED API
2022-03-02,2022,Explosions/Remote violence,Shelling/artillery/missile attack,Military Forces of Ukraine (2019-),,Donetsk,Donetskyi,Donetsk - Kirovskyi,Donetsk,47.9680,37.5475,0,"On 2 March 2022, the Ukrainian forces shelled Donetsk - Kirovskyi. There were no casualties.",ACLED API
2022-03-02,2022,Explosions/Remote violence,Shelling/artillery/missile attack,Military Forces of Ukraine (2019-),,Donetsk,Donetskyi,Zuhres,Donetsk,48.0179,38.2698,0,"On 2 March 2022, Ukrainian forces shelled Zuhres, Donetsk, damaging a thermal power station. There were no casualties.",ACLED API
2022-03-02,2022,Battles,Armed clash,Military Forces of Ukraine (2019-),NAF: United Armed Forces of Novorossiya,Luhansk,Alchevskyi,Holubivske,Luhansk,48.6920,38.6036,0,"On 2 March 2022, Ukrainian military fired 120mm mortars at LPR positions near Holubivske, Luhansk, wounding two teenagers in a car. LPR militia responded with fire. Additional information on casualties was not provided.",ACLED API
2022-03-02,2022,Strategic developments,Other,Civilians (Ukraine),,Kharkiv,Kharkivskyi,Kharkiv,Kharkiv,49.9808,36.2527,0,"Displacement: On 2 March 2022, around 22000 civilians were evacuated from the Kharkiv region.",ACLED API
2022-03-02,2022,Explosions/Remote violence,Air/drone strike,Military Forces of Russia (2000-) Air Force,,Kharkiv,Kharkivskyi,Khorosheve,Kharkiv,49.8588,36.2181,0,"On 2 March 2022, Russian air forces bombed Khorosheve, Kharkiv. Residential houses were damaged. Casualties unknown.",ACLED API
2022-03-02,2022,Explosions/Remote violence,Shelling/artillery/missile attack,Military Forces of Ukraine (2019-),Military Forces of Russia (2000-) Air Force,Kharkiv,Kharkivskyi,Kharkiv,Kharkiv,49.9808,36.2527,0,"On 2 March 2022, Ukrainian forces shot down a Russian military plane over Kharkiv. Casualties unknown.",ACLED API
2022-03-02,2022,Explosions/Remote violence,Shelling/artillery/missile attack,Military Forces of Russia (2000-),Military Forces of Ukraine (2019-),Kyiv,Vyshhorodskyi,Demydiv,Kyiv,50.7277,30.3307,0,"On 2 March 2022, Russian forces shelled a Ukrainian checkpoint between Lyutizh and Demydiv, Kyiv. Ukrainian forces clashed with Russian forces and repelled their attack near Demydiv. Injuries or fatalities are unknown.",ACLED API
2022-03-02,2022,Explosions/Remote violence,Air/drone strike,Military Forces of Russia (2000-) Air Force,Civilians (Ukraine),Kharkiv,Lozivskyi,Lozova,Kharkiv,48.8894,36.3176,2,"On 2 March 2022, Russian air force fired in Lozova, Kharkiv. Material damage to civilian property was reported. Casualties unknown. Around 112 people received injuries and 21 died during the last 24 hours in the whole region. [10 fatalities coded, the other 11 fatalities split among 6 events]",ACLED API
2022-03-02,2022,Explosions/Remote violence,Shelling/artillery/missile attack,Military Forces of Russia (2000-),Military Forces of Ukraine (2019-),Kyiv,Buchanskyi,Bucha,Kyiv,50.5435,30.2120,0,"On 2 March 2022, Russian forces shelled Ukrainian positions near Bucha, Kyiv. Injuries or fatalities are unknown.",ACLED API
2022-03-02,2022,Explosions/Remote violence,Shelling/artillery/missile attack,Military Forces of Ukraine (2019-),,Donetsk,Donetskyi,Donetsk - Kuibyshivskyi,Donetsk,48.0233,37.7276,0,"On 2 March 2022, the Ukrainian forces shelled Donetsk - Kuibyshivskyi. A school building was damaged. There were no casualties.",ACLED API
2022-03-02,2022,Explosions/Remote violence,Shelling/artillery/missile attack,Military Forces of Russia (2000-),Military Forces of Ukraine (2019-),Mykolaiv,Mykolaivskyi,Mykolaiv,Mykolaiv,46.9672,32.0183,0,"On 2 March 2022, Russian forces shelled the dig-ins of Ukrainian forces along the perimeter of Mykolaiv. Casualties unknown.",ACLED API
2022-03-02,2022,Explosions/Remote violence,Air/drone strike,Military Forces of Russia (2000-) Air Force,,Kyiv,Buchanskyi,Irpin,Kyiv,50.5218,30.2506,0,"On 2 March 2022, Russian forces dropped an aerial bomb at Irpin, Kyiv region, having destroyed a multi-storey residential house. Casualties unknown.",ACLED API
2022-03-02,2022,Violence against civilians,Attack,Military Forces of Russia (2000-),Civilians (Ukraine),Kyiv,Buchanskyi,Bucha,Kyiv,50.5435,30.2120,1,"On 2 March 2022, Russian forces shot a vehicle with a civilian volunteer who tried to deliver food to local people in Bucha, Kyiv region, with a sniper rifle. Then they dragged the injured civilian out of the car and killed him.",ACLED API
2022-03-02,2022,Protests,Excessive force against protesters,Protesters (Ukraine),Military Forces of Russia (2000-),Zaporizhia,Vasylivskyi,Enerhodar,Zaporizhia,47.4987,34.6574,0,"On 2 March 2022, around 22 000 people built barricades with vehicles and tires, protesting against the presence of the Russian military and the Russian aggression in Ukraine near Enerhodar, Zaporizhia. Russian Military forces fired grenade launchers, used smoke grenades, and fired machine guns at locals protesting their presence. Two protesters were injured, one of whom had their leg torn off.",ACLED API
2022-03-02,2022,Protests,Protest with intervention,Protesters (Ukraine),Military Forces of Russia (2000-),Zaporizhia,Melitopolskyi,Melitopol,Zaporizhia,46.8489,35.3653,0,"On 2 March 2022, hundreds of locals marched in Melitopol, Zaporizhia, against the Russian military presence and in support of Ukraine's independence. Russian soldiers fired shots in the air.",ACLED API
2022-03-02,2022,Battles,Armed clash,Military Forces of Ukraine (2019-),NAF: United Armed Forces of Novorossiya,Donetsk,Horlivskyi,Horlivka,Donetsk,48.3133,38.0416,0,"On 2 March 2022, Ukrainian government forces clashed with Donbass People's Militia under Russian office command and partially entered Horlivka, Donetsk. Casualties unknown.",ACLED API
2022-03-02,2022,Battles,Armed clash,NAF: United Armed Forces of Novorossiya,Military Forces of Ukraine (2019-),Donetsk,Volnovaskyi,Volnovakha,Donetsk,47.6010,37.4967,10,"On 2 March 2022, the Donetsk People's Militia clashed with Ukrainian forces in Volnovakha, Donetsk. The Ukrainian side suffered heavy losses. Unspecified fatalities coded as 10.",ACLED API
2022-03-02,2022,Violence against civilians,Attack,Military Forces of Russia (2000-),Civilians (Ukraine),Kyiv,Buchanskyi,Vorzel,Kyiv,50.5444,30.1530,0,"On 2 March 2022, Russian forces opened gunfire at the car of 2 off-duty police officers and 2 territorial defence members who volunteered to deliver food to a village near Vorzel, Kyiv region (coded to Vorzel, Kyiv region). Russian soldiers intentionally wounded a territorial defence member with a knife. The men were later taken to Russia and held captive.",ACLED API
2022-03-02,2022,Battles,Armed clash,Military Forces of Russia (2000-),Military Forces of Russia (2000-),Kyiv,Vyshhorodskyi,Dytyatki,Kyiv,51.1080,30.1503,0,"On 2 March 2022, Russian military clashed with Ukrainian military near Dytyatki, Kyiv, where the Russians established a command center. As a result of the fighting, the Russians fled the region and the commander of the staff of the Russian 36th army of the Eastern Military District suffered injuries.",ACLED API
2022-03-02,2022,Battles,Government regains territory,Military Forces of Ukraine (2019-),Military Forces of Russia (2000-),Kyiv,Buchanskyi,Makariv,Kyiv,50.4641,29.8113,0,"On 2 March 2022, following clashes, Ukrainian government forces regained control of Makariv, Kyiv. Russian air force hit Ukrainian government positions in Makariv. Injuries and fatalities are unknown.",ACLED API
2022-03-02,2022,Explosions/Remote violence,Shelling/artillery/missile attack,Military Forces of Russia (2000-),,Kyiv City,Kyiv,Kyiv - Solomyanskyi,Kyiv,50.4267,30.4538,0,"On 2 March 2022, Russian forces carried out a missile strike and hit near Ibis hotel in front of Kyiv railway station, damaging a heating water pipeline in Kyiv - Solomyanskyi (Kyiv). Casualties unknown.",ACLED API
2022-03-02,2022,Battles,Armed clash,Military Forces of Russia (2000-),Military Forces of Ukraine (2019-),Kherson,Skadovskyi,Hola Prystan,Kherson,46.5272,32.5242,0,"On 2 March 2022, the Russian military forces launched an offensive against the Ukrainian forces near Hola Prystan, Kherson. Casualties unknown.",ACLED API
2022-03-02,2022,Explosions/Remote violence,Remote explosive/landmine/IED,Military Forces of Ukraine (2019-),,Kyiv,Brovarskyi,Baryshivka,Kyiv,50.3610,31.3217,0,"On 2 March 2022, Ukrainian forces blew up a bridge in Baryshivka, Kyiv, in order to isolate a group of Russian troops.",ACLED API
2022-03-02,2022,Battles,Armed clash,Military Forces of Ukraine (2019-),Military Forces of Russia (2000-) Air Force,Kyiv,Buchanskyi,Babyntsi,Kyiv,50.6422,30.0286,0,"On 2 March 2022, Ukrainian forces clashed with Russian forces near Babyntsi, Kyiv. A Russian helicopter was shot down. Casualties unknown.",ACLED API
2022-03-02,2022,Explosions/Remote violence,Shelling/artillery/missile attack,Military Forces of Ukraine (2019-) National Guard,Military Forces of Russia (2000-) Air Force,Kyiv City,Kyiv,Kyiv,Kyiv,50.4496,30.5224,0,"On 2 March 2022, National Guard troops, along with regular troops, fired artillery and Buk M-1 at a Russian Sukhoi-30 fighter jet, shooting it down near Kyiv. Casualties unknown.",ACLED API
2022-03-02,2022,Strategic developments,Disrupted weapons use,Police Forces of Ukraine (2019-),Unidentified Armed Group (Ukraine),Kyiv City,Kyiv,Kyiv,Kyiv,50.4496,30.5224,0,"Weapons seizure: On 2 March 2022, police arrested a saboteur in a metro station in Kyiv, who was hiding ammunition in toys.",ACLED API
2022-03-02,2022,Battles,Armed clash,Military Forces of Russia (2000-),Military Forces of Ukraine (2019-),Kharkiv,Bohodukhivskyi,Bohodukhiv,Kharkiv,50.1647,35.5277,2,"On 2 March 2022, there was an armed clash between the Russian military forces and the Ukrainian military forces near Bohodukhiv, Kharkiv. The Russian forces suffered losses. Around 112 people received injuries and 21 died during the last 24 hours in the whole region. [10 fatalities coded, the other 11 fatalities split among 6 events].",ACLED API
2022-03-02,2022,Explosions/Remote violence,Air/drone strike,Military Forces of Russia (2000-) Air Force,Military Forces of Ukraine (2019-),Kharkiv,Chuhuivskyi,Kluhyno-Bashkyrivka,Kharkiv,49.8406,36.7111,2,"On 2 March 2022, Russian Su-25 fighter jets fired missiles at Kluhyno-Bashkyrivka, Kharkiv. Casualties unknown. Around 112 people received injuries and 21 died during the last 24 hours in the whole region. [10 fatalities coded, the other 11 fatalities split among 6 events]",ACLED API
2022-03-02,2022,Battles,Non-state actor overtakes territory,Military Forces of Russia (2000-),Military Forces of Ukraine (2019-),Kherson,Khersonskyi,Kherson,Kherson,46.6558,32.6178,19,"On 2 March 2022, Russian forces clashed with Ukrainian armed forces in Kherson. Russian forces established control over the city. 19 civilians were killed during the Russian advance into the city.",ACLED API
2022-03-02,2022,Explosions/Remote violence,Shelling/artillery/missile attack,Military Forces of Russia (2000-),Civilians (Ukraine),Kyiv,Buchanskyi,Buzova,Kyiv,50.4165,30.0411,1,"On 2 March 2022, Russian tanks fired at a family in Buzova, Kyiv. A child was killed.",ACLED API
2022-03-02,2022,Battles,Armed clash,Military Forces of Russia (2000-),Military Forces of Ukraine (2019-),Kyiv,Buchanskyi,Horenychi,Kyiv,50.4193,30.2114,0,"On 2 March 2022, there was an armed clash between the Russian military forces and the Ukrainian military forces near Horenychi, Kyiv. Casualties unknown.",ACLED API
2022-03-02,2022,Explosions/Remote violence,Shelling/artillery/missile attack,Military Forces of Russia (2000-),,Mykolaiv,Voznesenskyi,Voznesensk,Mykolaiv,47.5850,31.3321,0,"On 2 March 2022, Russian Military forces fired Grad missiles and artillery in the center of Voznesensk, Mykolaiv, damaging a gas pipeline and the Bulgarian bridge. Injuries and casualties are unknown.",ACLED API
2022-03-02,2022,Explosions/Remote violence,Remote explosive/landmine/IED,Military Forces of Ukraine (2019-),,Mykolaiv,Voznesenskyi,Voznesensk,Mykolaiv,47.5850,31.3321,0,"On 2 March 2022, Ukrainian forces blew two bridges up in Voznesensk, Mykolaiv, in order to prevent the advance of Russian forces.",ACLED API
2022-03-02,2022,Explosions/Remote violence,Shelling/artillery/missile attack,Military Forces of Ukraine (2019-),,Donetsk,Donetskyi,Makiivka,Donetsk,48.0464,37.9693,0,"On 2 March 2022, the Ukrainian forces shelled Makiivka, Donetsk. The windows of a school building and a kindergarten were damaged. There were no casualties.",ACLED API
2022-03-02,2022,Explosions/Remote violence,Air/drone strike,Military Forces of Russia (2000-) Air Force,Civilians (Ukraine),Kharkiv,Kharkivskyi,Yakovlivka,Kharkiv,49.8271,36.1387,4,"On 2 March 2022, Russian air forces bombed the village of Yakovlivka, Kharkiv. As a result, all residential buildings in the village were destroyed. Four civilians were killed, including two children, 11 were wounded.",ACLED API
2022-03-02,2022,Explosions/Remote violence,Shelling/artillery/missile attack,Military Forces of Russia (2000-),Military Forces of Ukraine (2019-),Donetsk,Bakhmutskyi,Toretsk,Donetsk,48.3934,37.8453,0,"On 2 March 2022, Russian military shelled from Smerch systems at Ukrainian positions in Toretsk, Donetsk, damaging a house. There were no casualties.",ACLED API
2022-03-02,2022,Battles,Armed clash,Military Forces of Russia (2000-),Military Forces of Ukraine (2019-),Kherson,Kakhovskyi,Nova Kakhovka,Kherson,46.7545,33.3486,0,"On 2 March 2022, the Russian military forces launched an offensive against the Ukrainian forces near Nova Kakhovka, Kherson. Casualties unknown.",ACLED API
2022-03-02,2022,Explosions/Remote violence,Shelling/artillery/missile attack,Military Forces of Russia (2000-),Military Forces of Ukraine (2019-),Donetsk,Pokrovskyi,Avdiivka,Donetsk,48.1394,37.7497,0,"On 2 March 2022, Russian military forces shelled from Smerch systems at Ukrainian positions in Avdiivka, Donetsk. There were no casualties.",ACLED API
2022-03-02,2022,Battles,Armed clash,Military Forces of Russia (2000-),Military Forces of Ukraine (2019-),Kharkiv,Kupianskyi,Shevchenkove,Kharkiv,49.6959,37.1735,1,"On 2 March 2022, there was an armed clash between the Russian military forces and the Ukrainian military forces near Shevchenkove, Kharkiv. The Russian forces suffered losses. Around 112 people received injuries and 21 died during the last 24 hours in the whole region. [10 fatalities coded, the other 11 fatalities split among 6 events].",ACLED API
2022-03-02,2022,Explosions/Remote violence,Air/drone strike,Military Forces of Russia (2000-) Air Force,,Kyiv City,Kyiv,Kyiv - Solomyanskyi,Kyiv,50.4267,30.4538,0,"On 2 March 2022, in the evening, Russian forces fired a missile at the Ukrainian defense ministry or the command center of the terrestrial forces, but the missile was intercepted above the Railway Station in Kyiv - Solomyanskyi, damaging a thermal pipeline and a hotel nearby. Casualties unknown.",ACLED API
2022-03-02,2022,Explosions/Remote violence,Shelling/artillery/missile attack,Military Forces of Ukraine (2019-),,Donetsk,Bakhmutskyi,Lozove,Donetsk,48.3844,38.2312,0,"On 2 March 2022, Ukrainian military fired 120mm mortars at LPR positions near Lozove, Donetsk. Casualties unknown.",ACLED API
2022-03-02,2022,Explosions/Remote violence,Shelling/artillery/missile attack,Military Forces of Ukraine (2019-),Civilians (Ukraine),Donetsk,Donetskyi,Abakumov Mine,Donetsk,47.9947,37.6314,0,"On 2 March 2022, the Ukrainian forces shelled the positions of the Donetsk People's Militia near Abakumov Mine, Donetsk. Residential buildings were damaged. Two civilians were wounded.",ACLED API
2022-03-02,2022,Explosions/Remote violence,Shelling/artillery/missile attack,Military Forces of Ukraine (2019-),,Donetsk,Donetskyi,Oleksandrivka,Donetsk,47.9225,37.5710,0,"On 2 March 2022, Ukrainian forces shelled the positions of the Donetsk People's Militia near Oleksandrivka, Donetsk. There were no casualties.",ACLED API
2022-03-02,2022,Explosions/Remote violence,Shelling/artillery/missile attack,Military Forces of Ukraine (2019-),,Donetsk,Donetskyi,Shakhta Trudovskaya,Donetsk,47.9512,37.5492,0,"On 2 March 2022, Ukrainian forces shelled the positions of the Donetsk People's Militia near Shakhta Trudovskaya, Donetsk. There were no casualties.",ACLED API
2022-03-02,2022,Explosions/Remote violence,Shelling/artillery/missile attack,Military Forces of Ukraine (2019-),,Donetsk,Horlivskyi,Logvinovo,Donetsk,48.3800,38.3471,0,"On 2 March 2022, Ukrainian military fired 120mm mortars at the LPR positions near Logvinovo, Luhansk. Casualties unknown.",ACLED API
2022-03-02,2022,Explosions/Remote violence,Shelling/artillery/missile attack,Military Forces of Ukraine (2019-),,Donetsk,Horlivskyi,Sanzharivka,Donetsk,48.4378,38.4264,0,"On 2 March 2022, Ukrainian military fired 120mm mortars at the LPR positions near Sanzharivka, Luhansk. Casualties unknown.",ACLED API
2022-03-02,2022,Explosions/Remote violence,Shelling/artillery/missile attack,Military Forces of Ukraine (2019-),,Donetsk,Horlivskyi,Holmivskyi,Donetsk,48.4046,38.0817,0,"On 2 March 2022, Ukrainian forces shelled the positions of the Donetsk People's Militia near Holmivskyi, Donetsk. There were no casualties.",ACLED API
2022-03-02,2022,Explosions/Remote violence,Shelling/artillery/missile attack,Military Forces of Ukraine (2019-),,Donetsk,Horlivskyi,Ozeryanivka,Donetsk,48.2737,37.9725,0,"On 2 March 2022, Ukrainian forces shelled the positions of the Donetsk People's Militia near Ozeryanivka, Donetsk. There were no casualties.",ACLED API
2022-03-02,2022,Explosions/Remote violence,Shelling/artillery/missile attack,Military Forces of Ukraine (2019-),,Donetsk,Horlivskyi,Panteleimonivka,Donetsk,48.2071,37.9729,0,"On 2 March 2022, Ukrainian forces shelled the positions of the Donetsk People's Militia near Panteleimonivka, Donetsk. There were no casualties.",ACLED API
2022-03-02,2022,Explosions/Remote violence,Shelling/artillery/missile attack,Military Forces of Ukraine (2019-),,Donetsk,Kalmiuskyi,Dokuchaevsk,Donetsk,47.7492,37.6777,0,"On 2 March 2022, Ukrainian forces shelled the positions of the Donetsk People's Militia near Dokuchaevsk, Donetsk. A residential house was damaged. There were no casualties.",ACLED API
2022-03-02,2022,Explosions/Remote violence,Shelling/artillery/missile attack,Military Forces of Ukraine (2019-),,Donetsk,Kramatorskyi,Mine 6/7,Donetsk,48.3767,37.9636,0,"On 2 March 2022, Ukrainian forces shelled the positions of the Donetsk People's Militia near Mine 6/7, Donetsk. There were no casualties.",ACLED API
2022-03-02,2022,Explosions/Remote violence,Shelling/artillery/missile attack,Military Forces of Ukraine (2019-),,Donetsk,Pokrovskyi,Verkhnyotoretske,Donetsk,48.2138,37.8797,0,"On 2 March 2022, Ukrainian forces shelled the positions of the Donetsk People's Militia near Verkhnyotoretske, Donetsk. There were no casualties.",ACLED API
2022-03-02,2022,Protests,Peaceful protest,Protesters (Ukraine),,Luhansk,Starobilskyi,Starobilsk,Luhansk,49.2783,38.9107,0,"On 2 March 2022, hundreds of locals protested in Starobilsk, Luhansk, against Russian Military presence in the city, physically blocking the street to the military column.",ACLED API
2022-03-02,2022,Battles,Armed clash,NAF: United Armed Forces of Novorossiya,Military Forces of Ukraine (2019-),Donetsk,Kalmiuskyi,Novoazovsk,Donetsk,47.1176,38.0736,0,"On 2 March 2022, 'DPR' carried out an offensive against Ukrainian military in the direction of Novoazovsk, Donetsk, to establish a bridgehead for further offensive on Mariupol. Casualties unknown.",ACLED API
2022-03-02,2022,Explosions/Remote violence,Air/drone strike,Military Forces of Russia (2000-) Air Force,Military Forces of Ukraine (2019-),Kharkiv,Chuhuivskyi,Chuhuiv,Kharkiv,49.8359,36.6880,2,"On 2 March 2022, Russian Su-25 fighter jets fired missiles at the military airport near Chuhuiv, Kharkiv. Around 112 people received injuries and 21 died during the last 24 hours in the whole region. [10 fatalities coded, the other 11 fatalities split among 6 events]",ACLED API
2022-03-02,2022,Battles,Armed clash,Military Forces of Ukraine (2019-),Military Forces of Russia (2000-),Kyiv,Buchanskyi,Hostomel,Kyiv,50.5882,30.2590,0,"On 2 March 2022, Ukrainian forces clashed with Russian forces near Hostomel, Kyiv. Casualties unknown.",ACLED API
2022-03-02,2022,Violence against civilians,Attack,Military Forces of Russia (2000-),Civilians (Ukraine),Kharkiv,Kharkivskyi,Dementiivka,Kharkiv,50.2340,36.2380,2,"On 2 March 2022, a Russian serviceman opened small arms fire on a civilian car with a family of four trying to evacuate near Dementiivka, Kharkiv. As a result, a father and his 9-year-old daughter were killed on the spot while a mother and her 17-year-old son received gunshot wounds. the Kharkiv Region Prosecutor's Office identified the Russian soldier and tried him in absentia 'for violating the laws and customs of war, combined with premeditated murder'.",ACLED API
2022-03-17,2022,Strategic developments,Other,Civilians (Ukraine),,Donetsk,Mariupolskyi,Mariupol,Mariupol,47.1298,37.5710,0,"Displacement: On 17 March 2022, about 2000 civilians were evacuated from Mariupol, Donetsk to Zaporizhia after being under siege for over a week.",ACLED API
2022-03-18,2022,Protests,Peaceful protest,Protesters (Ukraine),,Donetsk,Mariupolskyi,Granitne,Mariupol,47.3206,37.5515,0,"On 18 March 2022, Donetsk rebels' leader, joined by over a dozen United Russia MPs and two members of the Russian Federation Council, protested in Granitne, Donetsk, in support of the annexation of Crimea and in support of the ongoing war in Ukraine.",ACLED API
2022-04-05,2022,Explosions/Remote violence,Shelling/artillery/missile attack,Military Forces of Russia (2000-) Navy,Civilians (International),Donetsk,Mariupolskyi,Mariupol,Mariupol,47.1298,37.5710,0,"On 5 April 2022, Russian forces opened fire on civilian ship in the port of Mariupol, Donetsk. The ship, under a Dominican Republic flag, was berthed in the port when it was hit by shells during an ongoing attack on the besieged city. At least one crew member was injured.",ACLED API
2022-04-15,2022,Explosions/Remote violence,Shelling/artillery/missile attack,Military Forces of Ukraine (2019-),Military Forces of Russia (2000-) Air Force,Kharkiv,Iziumskyi,Balakliia,Kharkiv,49.4606,36.8527,4,"On 15 April 2022, Ukrainian forces shot down a Russian Ka-52 helicopter near Balakliia, Kharkiv. Two pilots died, and at least two soldiers coming to rescue them were killed.",ACLED API
2022-04-15,2022,Explosions/Remote violence,Shelling/artillery/missile attack,Military Forces of Russia (2000-),Civilians (Ukraine),Kharkiv,Kharkivskyi,Kharkiv,Kharkiv,49.9808,36.2527,10,"On 15 April 2022, Russian forces shelled Sarhyn Yar neighborhood and the Shevchenkivskyi district and fired Uragan missile at the Industrialny district in Kharkiv, setting houses on fire. 10 people, including a 7-month-old child, died, 50 were injured.",ACLED API
2022-04-15,2022,Explosions/Remote violence,Shelling/artillery/missile attack,Military Forces of Russia (2000-),Civilians (Ukraine),Luhansk,Sievierodonetskyi,Kreminna,Donetsk,49.0495,38.2179,1,"On 15 April 2022, Russian forces shelled Kreminna, Luhansk. Houses were damaged. One person died, five were injured.",ACLED API
2022-04-15,2022,Explosions/Remote violence,Shelling/artillery/missile attack,Military Forces of Russia (2000-),,Dnipropetrovsk,Kryvorizkyi,Kryvyi Rih,Dnipro,47.9093,33.3933,0,"On 15 April 2022, Russian forces fired missiles in the Kryvyi Rih district, Dnipropetrovsk. No casualties.",ACLED API
2022-04-15,2022,Explosions/Remote violence,Shelling/artillery/missile attack,Military Forces of Russia (2000-),Civilians (Ukraine),Luhansk,Sievierodonetskyi,Lysychansk,Donetsk,48.9054,38.4353,1,"On 15 April 2022, Russian forces shelled Lysychansk, Luhansk. One humanitarian volunteer was killed, another was injured.",ACLED API
2022-04-15,2022,Battles,Armed clash,Military Forces of Russia (2000-),Military Forces of Ukraine (2019-),Donetsk,Pokrovskyi,Marinka,Donetsk,47.9425,37.5050,0,"On 15 April 2022, Russian forces continued shelling on Marinka, Donetsk, but were repelled by Ukrainian forces. Casualties unknown.",ACLED API
2022-04-15,2022,Battles,Armed clash,Military Forces of Russia (2000-),Military Forces of Ukraine (2019-),Donetsk,Mariupolskyi,Mariupol,Mariupol,47.1298,37.5710,7,"On 15 April 2022, Russian forces launched air strikes, using Tu-22M3, SU-34, and SU-24M planes on Ukrainian forces in Mariupol, Donetsk. Ukrainian forces fired back on the ground in the port area, while the Russian forces gained control of the Ilyich factory. Two aid workers, and five other people, died.",ACLED API
2022-04-15,2022,Explosions/Remote violence,Shelling/artillery/missile attack,Military Forces of Russia (2000-),Civilians (Ukraine),Mykolaiv,Mykolaivskyi,Mykolaiv,Mykolaiv,46.9672,32.0183,5,"On 15 April 2022, Russian forces fired MLRS missiles with cluster munitions on a residential area and on Nova Poshta office in Mykolaiv. 5 people died, 15 were injured.",ACLED API
2022-04-15,2022,Strategic developments,Disrupted weapons use,Military Forces of Ukraine (2019-) Air Force,Military Forces of Russia (2000-) Air Force,Odesa,Odeskyi,Odesa,Odessa,46.4639,30.7386,0,"Interception: On 15 April 2022, Ukrainian air defense intercepted a Russian recon drone and a missile, which exploded mid-air, in Odesa oblast. No casualties.",ACLED API
2022-04-15,2022,Battles,Armed clash,Military Forces of Russia (2000-),Military Forces of Ukraine (2019-),Luhansk,Sievierodonetskyi,Popasna,Donetsk,48.6333,38.3780,0,"On 15 April 2022, Russian forces clashed with Ukrainian forces in Popasna, Luhansk. Casualties unknown. Only 3 people were evacuated throughout the day.",ACLED API
2022-04-15,2022,Battles,Armed clash,Military Forces of Russia (2000-),Military Forces of Ukraine (2019-),Luhansk,Sievierodonetskyi,Rubizhne,Donetsk,49.0123,38.3797,0,"On 15 April 2022, Russian forces continued shelling Rubizhne, Luhansk. Ukrainian forces repelled the attack. Casualties unknown.",ACLED API
2022-04-15,2022,Explosions/Remote violence,Shelling/artillery/missile attack,Military Forces of Russia (2000-),,Luhansk,Sievierodonetskyi,Severodonetsk,Donetsk,48.9467,38.4914,0,"On 15 April 2022, Russian forces shelled Severodonetsk, Luhansk. A water distribution pipeline, as well as two warehouses, were damaged and set on fire, respectively. Casualties unknown.",ACLED API
2022-04-15,2022,Explosions/Remote violence,Shelling/artillery/missile attack,Military Forces of Russia (2000-),Civilians (Ukraine),Kherson,Skadovskyi,Tavriyske,Kherson,46.3732,32.5624,2,"On 15 April 2022, Russian forces fired a missile, which was intercepted and killed 2 civilians in Tavriyske, Kherson. 3 people were injured.",ACLED API
2022-04-15,2022,Explosions/Remote violence,Shelling/artillery/missile attack,Military Forces of Russia (2000-),,Zaporizhia,Vasylivskyi,Verkhnia Krynytsia,Zaporizhia,47.4900,35.2802,0,"On 15 April 2022, Russian forces shelled and mined water processing systems in Verkhnia Krynytsia, Zaporizhia. Casualties unknown.",ACLED API
2022-04-15,2022,Explosions/Remote violence,Shelling/artillery/missile attack,Military Forces of Ukraine (2019-),Military Forces of Russia (2000-),Mykolaiv,Mykolaivskyi,Mykolaiv,Mykolaiv,46.9672,32.0183,0,"On 15 April 2022, Ukrainian forces shelled a tank of the Russian forces in the Mykolaiv oblast. The tank was destroyed. Casualties unknown.",ACLED API
2022-04-15,2022,Explosions/Remote violence,Shelling/artillery/missile attack,Military Forces of Ukraine (2019-),Military Forces of Russia (2000-),Luhansk,Sievierodonetskyi,Lysychansk,Donetsk,48.9054,38.4353,0,"On 15 April 2022, Ukrainian forces fired BM-21 Grad missiles at Russian positions near Lysychansk, Luhansk. Casualties unknown.",ACLED API
2022-04-15,2022,Explosions/Remote violence,Shelling/artillery/missile attack,Military Forces of Russia (2000-),,Kharkiv,Bohodukhivskyi,Udy,Kharkiv,50.3846,36.0606,0,"On 15 April 2022, Russian forces shelled Udy, Kharkiv. Several houses and a farm were damaged. No casualties.",ACLED API
2022-04-15,2022,Explosions/Remote violence,Shelling/artillery/missile attack,Military Forces of Ukraine (2019-),Military Forces of Russia (2000-),Luhansk,Sievierodonetskyi,Severodonetsk,Donetsk,48.9467,38.4914,0,"On 15 April 2022, Ukrainian forces fired BM-21 Grad missiles at Russian positions near Severodonetsk, Luhansk. Casualties unknown.",ACLED API
2022-04-15,2022,Battles,Armed clash,Military Forces of Ukraine (2019-),Military Forces of Russia (2000-),Mykolaiv,Mykolaivskyi,Mykolaiv,Mykolaiv,46.9672,32.0183,11,"On 15 April 2022, Russian forces attempted to attack a checkpoint in the Mykolaiv oblast, but were repelled. 22 Russian soldiers were killed during two attacks in Mykolaiv and Kherson regions (22 fatalities split between 2 events).",ACLED API
2022-04-15,2022,Strategic developments,Other,Civilians (Ukraine),,Luhansk,Sievierodonetskyi,Kreminna,Donetsk,49.0495,38.2179,0,"Displacement: On 15 April 2022, 140 people were evacuated from Kreminna, Luhansk.",ACLED API
2022-04-15,2022,Strategic developments,Other,Civilians (Ukraine),,Luhansk,Sievierodonetskyi,Lysychansk,Donetsk,48.9054,38.4353,0,"Displacement: On 15 April 2022, 115 people were evacuated from Lysychansk, Luhansk.",ACLED API
2022-04-15,2022,Strategic developments,Other,Civilians (Ukraine),,Luhansk,Sievierodonetskyi,Severodonetsk,Donetsk,48.9467,38.4914,0,"Displacement: On 15 April 2022, 35 people were evacuated from Severodonetsk, Luhansk.",ACLED API
2022-04-15,2022,Strategic developments,Other,Civilians (Ukraine),,Luhansk,Sievierodonetskyi,Hirske,Donetsk,48.7346,38.4954,0,"Displacement: On 15 April 2022, 70 people were evacuated from Hirske, Luhansk.",ACLED API
2022-04-15,2022,Strategic developments,Other,Civilians (Ukraine),,Donetsk,Pokrovskyi,Marinka,Donetsk,47.9425,37.5050,0,"Displacement: On 15 April 2022, 350 people were evacuated from Marinka, Donetsk.",ACLED API
2022-04-15,2022,Strategic developments,Other,Civilians (Ukraine),,Donetsk,Pokrovskyi,Krasnohorivka,Donetsk,48.0060,37.5097,0,"Displacement: On 15 April 2022, 270 people were evacuated from Krasnohorivka, Donetsk.",ACLED API
2022-04-15,2022,Strategic developments,Other,Civilians (Ukraine),,Donetsk,Pokrovskyi,Novomykhaylivka,Donetsk,47.8538,37.4841,0,"Displacement: On 15 April 2022, 180 people were evacuated from Novomykhaylivka, Donetsk.",ACLED API
2022-04-15,2022,Explosions/Remote violence,Remote explosive/landmine/IED,Military Forces of Russia (2000-),Civilians (Ukraine),Kyiv,Vyshhorodskyi,Lytvynivka,Kyiv,50.7298,30.2412,1,"On 15 April 2022, a Ukrainian minor was killed by an explosion of a mine left by Russian forces in Lytvynivka, Kyiv.",ACLED API
2022-04-15,2022,Explosions/Remote violence,Remote explosive/landmine/IED,Military Forces of Russia (2000-),Civilians (Ukraine),Kyiv,Vyshhorodskyi,Vyshhorod,Kyiv,50.5848,30.4898,1,"On 15 April 2022, a boy died in an explosion of an explosive device planted by Russian military forces in Vyshhorod district, Kyiv.",ACLED API
2022-04-15,2022,Violence against civilians,Attack,Military Forces of Russia (2000-),Civilians (Ukraine),Kharkiv,Iziumskyi,Izium,Kharkiv,49.2088,37.2485,1,"Around 15 April 2022 (month of), a Ukrainian civilian was shot dead by a Russian serviceman in Izium, Kharkiv region after he demanded his phone to be returned to him.",ACLED API
2022-04-15,2022,Violence against civilians,Attack,Military Forces of Russia (2000-),Civilians (Ukraine),Kharkiv,Iziumskyi,Izium,Kharkiv,49.2088,37.2485,0,"Around 15 April 2022 (month of), Russian forces beat an off-duty Ukrainian policeman while searching his house in Izium, Kharkiv region.",ACLED API
2022-04-15,2022,Explosions/Remote violence,Shelling/artillery/missile attack,Military Forces of Russia (2000-),Military Forces of Ukraine (2019-),Donetsk,Kramatorskyi,Kramatorsk,Donetsk,48.7306,37.5816,0,"On 15 April 2022, Russian and Donetsk rebel forces shelled the Ukrainian positions in the industrial area of Kramatorsk, Donetsk. Casualties unknown.",ACLED API
2022-04-15,2022,Battles,Armed clash,Military Forces of Ukraine (2019-),NAF: United Armed Forces of Novorossiya,Donetsk,Horlivskyi,Shyroka Balka,Donetsk,48.3034,37.9305,0,"On 15 April 2022, Ukrainian forces fired SPG grenade launchers, 120mm mortars, and small arms at Donetsk rebel positions in Shyroka Balka, Donetsk. Casualties unknown.",ACLED API
2022-04-15,2022,Violence against civilians,Sexual violence,Military Forces of Russia (2000-),Civilians (Ukraine),Kharkiv,Kharkivskyi,Kharkiv,Kharkiv,49.9808,36.2527,0,"Around 15 April 2022 (month of), 3 Russian servicemen raped a Ukrainian civilian woman in one of the Kharkiv region settlements occupied at that moment (coded to Kharkiv, Kharkiv region).",ACLED API
2022-04-15,2022,Explosions/Remote violence,Remote explosive/landmine/IED,Military Forces of Russia (2000-),Civilians (Ukraine),Kyiv,Buchanskyi,Havronshchyna,Kyiv,50.4783,29.8757,0,"On 15 April 2022, three local civilian men were injured in an explosion when they accidentally activated a tripwire in the basement left by Russian military in Havronshchyna (Kyiv).",ACLED API
2022-04-15,2022,Explosions/Remote violence,Remote explosive/landmine/IED,Military Forces of Russia (2000-),Civilians (Ukraine),Kyiv,Vyshhorodskyi,Olizarivka,Kyiv,50.9741,29.5231,0,"Around 15 April 2022 (month of), a local civilian man, as a volunteer sapper, tried to de-mine the village and accidentally stepped on an anti-personnel mine left by Russian military in Olizarivka (Kyiv). The civilian was wounded.",ACLED API
2022-04-15,2022,Explosions/Remote violence,Remote explosive/landmine/IED,Military Forces of Russia (2000-),Civilians (Ukraine),Kyiv,Buchanskyi,Nalyvaikivka,Kyiv,50.4838,29.7116,0,"On 15 April 2022, a landmine, likely Russian, exploded near Nalyvaikivka, Kyiv, wounding 2 employees of a power supply company.",ACLED API
2022-04-15,2022,Strategic developments,Disrupted weapons use,Police Forces of Ukraine (2019-) State Emergency Service of Ukraine,Unidentified Military Forces,Kyiv,Buchanskyi,Ozershchyna,Kyiv,50.5808,29.7546,0,"Defusal: On 15 April 2022, Ukrainian State Emergency Service specialists safely defused in total 52 explosive elements (UXO) found in and around Ozershchyna area (Kyiv).",ACLED API
2022-04-15,2022,Battles,Armed clash,Military Forces of Russia (2000-),Military Forces of Ukraine (2019-),Zaporizhia,Polohivskyi,Orikhiv,Zaporizhia,47.5673,35.7858,0,"On 15 April 2022, Russian forces fired 122mm, 152mm mortars, tanks and missiles at Ukrainian positions near Orikhiv, Zaporizhia. Ukrainians responded with fire. Casualties unknown.",ACLED API
2022-04-15,2022,Explosions/Remote violence,Shelling/artillery/missile attack,Military Forces of Russia (2000-),,Kyiv City,Kyiv,Kyiv,Kyiv,50.4496,30.5224,0,"On 15 April 2022, Russian forces fired three missiles in the Kyiv region. Casualties unknown.",ACLED API
2022-04-15,2022,Battles,Armed clash,Military Forces of Ukraine (2019-),Military Forces of Russia (2000-),Donetsk,Kramatorskyi,Slovyansk,Donetsk,48.8533,37.6065,0,"On 15 April 2022, Ukrainian forces clashed with Russian forces coming from Izium to Slovyansk, Donetsk. Ukrainians report using Switchblade drones. Casualties unknown.",ACLED API
2022-04-15,2022,Strategic developments,Looting/property destruction,Military Forces of Russia (2000-),Civilians (Ukraine),Kharkiv,Iziumskyi,Izium,Kharkiv,49.2088,37.2485,0,"Looting: Around 15 April 2022 (month of), 2 Russian soldiers looted a jewelry store in Izium, Kharkiv region, taking a safe box with gold jewelry for a total amount of about UAH 8,000,000 (approximately USD 200,000).",ACLED API
2022-04-15,2022,Violence against civilians,Attack,Military Forces of Russia (2000-),Civilians (Ukraine),Kharkiv,Kharkivskyi,Kozacha Lopan,Kharkiv,50.3319,36.1936,0,"Around 15 April 2022 (month of), Russian forces set up a torture camp in the basement of the train station in Kozacha Lopan, Kharkiv. Russian forces beat people, put bags over their heads, tied their hands, and put them on their knees.",ACLED API
2022-04-15,2022,Violence against civilians,Attack,Military Forces of Russia (2000-),Civilians (Ukraine),Kherson,Beryslavskyi,Biliaivka,Kherson,47.3269,33.6915,2,"Around 15 April 2022 (month of), a Ukrainian civilian held by Russian forces in a school in Biliaivka, Kherson, witnessed torture of other prisoners held there. He claimed Russian soldiers beat Ukrainian men with rifle butts, punched them, kicked them, and covered their heads in bags. Detainees also received no medical treatment. He claimed to have witnessed the deaths of two of the detainees after they were beaten by Russian forces.",ACLED API
2022-04-15,2022,Violence against civilians,Attack,Military Forces of Russia (2000-),Civilians (Ukraine),Kherson,Khersonskyi,Kherson,Kherson,46.6558,32.6178,0,"Around 15 April 2022 (month of), two Russian soldiers captured and tortured a Ukrainian farmer in Kherson region (coded to Kherson, Kherson region).",ACLED API
2022-04-15,2022,Explosions/Remote violence,Remote explosive/landmine/IED,Military Forces of Ukraine (2019-),,Donetsk,Kramatorskyi,Lyman,Donetsk,48.9903,37.8063,0,"Around 15 April 2022 (month of), Ukrainian forces blew up the bridge near Lyman (Donetsk), likely to prevent Russian offensive.",ACLED API
2022-04-15,2022,Violence against civilians,Sexual violence,Military Forces of Russia (2000-),Civilians (Ukraine),Kherson,Khersonskyi,Kherson,Kherson,46.6558,32.6178,0,"Around 15 April 2022 (month of), in an unspecified village in the Kherson region (coded to Kherson), a Russian serviceman took a 15-year-old girl after a house search, drove her to an abandoned shop, forced her to undress and drink alcohol, punched her in the face, and raped her.",ACLED API
2022-04-15,2022,Battles,Armed clash,Military Forces of Russia (2000-),Military Forces of Ukraine (2019-),Donetsk,Donetskyi,Donetsk,Donetsk,48.0150,37.8014,10,"On 15 April 2022, Ukrainian forces clashed with Russian forces in a village in the Donetsk region. The Ukrainian destroyed and captured 16 IFVs and five BTR-82A vehicles. Six Russian soldiers were captured, Russian fatalities reported. Unspecified fatalities coded as 10.",ACLED API
2022-04-15,2022,Explosions/Remote violence,Shelling/artillery/missile attack,Military Forces of Ukraine (2019-),Military Forces of Russia (2000-),Donetsk,Donetskyi,Donetsk,Donetsk,48.0150,37.8014,10,"On 15 April 2022, Ukrainian forces shelled around ten Russian tanks and BTR vehicles in the Donetsk oblast. Russian soldiers were killed. Unspecified fatalities coded as 10.",ACLED API
2022-04-15,2022,Battles,Armed clash,Military Forces of Ukraine (2019-),Military Forces of Russia (2000-),Kherson,Khersonskyi,Kherson,Kherson,46.6558,32.6178,11,"On 15 April 2022, Ukrainian forces eliminated a Russian recon group in the Kherson oblast. 22 Russian soldiers were killed during two attacks in Mykolaiv and Kherson regions (22 fatalities split between 2 events).",ACLED API
2022-04-15,2022,Battles,Armed clash,Military Forces of Ukraine (2019-),NAF: United Armed Forces of Novorossiya,Donetsk,Kramatorskyi,Mine 6/7,Donetsk,48.3767,37.9636,0,"On 15 April 2022, Ukrainian forces fired small arms and 122mm mortars on Donetsk rebel positions in Mine 6/7, Donetsk. Casualties unknown.",ACLED API
2022-04-15,2022,Battles,Armed clash,Military Forces of Ukraine (2019-),NAF: United Armed Forces of Novorossiya,Donetsk,Horlivskyi,Shakhta imeni Gagarina,Donetsk,48.3435,37.9420,0,"On 15 April 2022, Ukrainian forces fired small arms and grenade launchers on Donetsk rebel positions in Shakhta imeni Gagarina, Donetsk. Casualties unknown.",ACLED API
2022-04-15,2022,Explosions/Remote violence,Shelling/artillery/missile attack,Military Forces of Russia (2000-),,Kyiv,Buchanskyi,Vyshneve,Kyiv,50.3891,30.3705,0,"On 15 April 2022, Russian forces fired missiles at the Vizar factory in Vyshneve, Kyiv. Casualties unknown.",ACLED API
2022-04-15,2022,Violence against civilians,Attack,Military Forces of Russia (2000-),Civilians (Ukraine),Kharkiv,Iziumskyi,Pisky-Radkivski,Kharkiv,49.2671,37.6079,1,"Around 15 April 2022 (month of), Russian forces attacked multiple civilians in the occupied Pisky-Radkivski, Kharkiv region, searching for people involved or associated with Ukrainian military. At least one civilian woman was shot dead, several captives were tortured.",ACLED API
2022-04-15,2022,Strategic developments,Looting/property destruction,Military Forces of Russia (2000-),Civilians (Ukraine),Kharkiv,Iziumskyi,Pisky-Radkivski,Kharkiv,49.2671,37.6079,0,"Looting: Around 15 April 2022 (month of), Russian forces looted civilian property and food in Pisky-Radkivski, Kharkiv region.",ACLED API
2022-04-15,2022,Explosions/Remote violence,Shelling/artillery/missile attack,Military Forces of Russia (2000-),,Kharkiv,Iziumskyi,Pisky-Radkivski,Kharkiv,49.2671,37.6079,0,"Around 15 April 2022 (month of), Russian forces shelled Pisky-Radkivski, Kharkiv region, having damaged civilian infrastructure. Casualties unknown.",ACLED API
2022-04-15,2022,Violence against civilians,Attack,Military Forces of Russia (2000-),Civilians (Ukraine),Donetsk,Kramatorskyi,Koroviy Yar,Donetsk,49.1549,37.6295,1,"Around 15 April 2022 (month of), Russian forces interrogated a civilian and shot him dead in his house in Koroviy Yar, Donetsk region.",ACLED API
2022-04-15,2022,Violence against civilians,Abduction/forced disappearance,Military Forces of Russia (2000-),Civilians (Ukraine),Kherson,Beryslavskyi,Bobrovyi Kut,Kherson,47.0985,32.9444,0,"Around 15 April 2022 (month of), Russian forces abducted a civilian in Bobrovyi Kut, Kherson region. His current whereabouts are still unknown.",ACLED API
2022-04-15,2022,Explosions/Remote violence,Shelling/artillery/missile attack,Military Forces of Russia (2000-),,Zaporizhia,Zaporizkyi,Mahdalynivka,Zaporizhia,47.6463,35.4560,0,"On 15 April 2022, Russian forces shelled Mahdalynivka, Zaporizhia. Casualties unknown.",ACLED API
2022-04-15,2022,Explosions/Remote violence,Air/drone strike,Military Forces of Russia (2000-) Air Force,Military Forces of Ukraine (2019-),Mykolaiv,Mykolaivskyi,Mykolaiv,Mykolaiv,46.9672,32.0183,0,"On 15 April 2022, Russian air forces struck 2 Ukrainian military warehouses near Mykolaiv, Mykolaiv and a Ukrainian military repairshop in the city. Casualties unknown.",ACLED API
2022-04-15,2022,Explosions/Remote violence,Air/drone strike,Military Forces of Russia (2000-) Air Force,Military Forces of Ukraine (2019-),Kharkiv,Iziumskyi,Barvinkove,Kharkiv,48.9025,37.0189,0,"On 15 April 2022, Russian air forces struck the Ukrainian military in Barvinkove, Kharkiv. Casualties unknown.",ACLED API
2022-04-15,2022,Explosions/Remote violence,Air/drone strike,Military Forces of Russia (2000-) Air Force,Military Forces of Ukraine (2019-),Kharkiv,Iziumskyi,Husarivka,Kharkiv,48.8818,37.1492,0,"On 15 April 2022, Russian air forces struck the Ukrainian military in Husarivka, Kharkiv (presumably the Barvinkove community). Casualties unknown.",ACLED API
2022-04-15,2022,Explosions/Remote violence,Air/drone strike,Military Forces of Russia (2000-) Air Force,Military Forces of Ukraine (2019-),Luhansk,Sievierodonetskyi,Lysychansk,Donetsk,48.9054,38.4353,0,"On 15 April 2022, Russian air forces struck the Ukrainian military in Lysychansk, Luhansk. Casualties unknown.",ACLED API
2022-04-15,2022,Explosions/Remote violence,Air/drone strike,Military Forces of Russia (2000-) Air Force,Military Forces of Ukraine (2019-),Kharkiv,Iziumskyi,Volobuivka,Kharkiv,49.3323,36.8690,0,"On 15 April 2022, Russian air forces struck the Ukrainian military near Volobuivka, Kharkiv. Casualties unknown.",ACLED API
2022-04-15,2022,Explosions/Remote violence,Shelling/artillery/missile attack,Military Forces of Russia (2000-),Military Forces of Ukraine (2019-),Kyiv City,Kyiv,Kyiv - Solomyanskyi,Kyiv,50.4267,30.4538,0,"On 15 April 2022, Russian military forces shelled a Ukrainian munition manufactory and repairshop at Vizar plant in Kyiv - Solomyanskyi, Kyiv. Casualties unknown.",ACLED API
2022-04-15,2022,Explosions/Remote violence,Shelling/artillery/missile attack,Military Forces of Russia (2000-),Military Forces of Ukraine (2019-) Air Force,Kharkiv,Iziumskyi,Izium,Kharkiv,49.2088,37.2485,0,"On 15 April 2022, Russian military forces shot down a Ukrainian Su-25 near Izium, Kharkiv. Casualties unknown.",ACLED API
2022-04-15,2022,Explosions/Remote violence,Air/drone strike,Military Forces of Russia (2000-) Air Force,Military Forces of Ukraine (2019-),Donetsk,Pokrovskyi,Opytne,Donetsk,48.0961,37.7214,0,"On 15 April 2022, Russian air forces struck the Ukrainian military in Opytne, Donetsk (presumably the Avdiivka community). Casualties unknown.",ACLED API
2022-04-15,2022,Explosions/Remote violence,Shelling/artillery/missile attack,Military Forces of Russia (2000-),Civilians (Ukraine),Donetsk,Pokrovskyi,Avdiivka,Donetsk,48.1394,37.7497,0,"On 15 April 2022, Russian forces shelled Avdiivka, Donetsk. Two people, including a child, were injured.",ACLED API
2022-04-15,2022,Explosions/Remote violence,Shelling/artillery/missile attack,Military Forces of Russia (2000-),,Kharkiv,Bohodukhivskyi,Liutivka,Kharkiv,50.3128,35.8120,0,"On 15 April 2022, Russian forces fired artillery and Grad missiles at Liutivka, Kharkiv. A school was set on fire. No casualties.",ACLED API
2022-04-15,2022,Explosions/Remote violence,Shelling/artillery/missile attack,Military Forces of Russia (2000-),Civilians (Ukraine),Kharkiv,Kharkivskyi,Derhachi,Kharkiv,50.1066,36.1211,1,"On 15 April 2022, Russian forces shelled near Derhachi, Kharkiv. At least one person died, and two were injured.",ACLED API
2022-04-15,2022,Explosions/Remote violence,Air/drone strike,Military Forces of Russia (2000-) Air Force,Military Forces of Ukraine (2019-),Donetsk,Pokrovskyi,Sribne,Donetsk,48.1055,37.0142,0,"On 15 April 2022, Russian air forces struck the Ukrainian military in Sribne, Donetsk. Casualties unknown.",ACLED API
2022-04-15,2022,Violence against civilians,Attack,Police Forces of Russia (2000-) Federal Security Service,Civilians (Ukraine),Kharkiv,Chuhuivskyi,Vovchansk,Kharkiv,50.2908,36.9411,0,"Around 15 April 2022 (month of), the Russian Federal Security Services stopped a civilian car with a local resident in Vovchansk, Kharkiv. They accused him of collaborating with the Ukrainian military and drove him to the local prosecutor's office, where the Russians had set up a torture chamber. They forcibly dragged the man into the basement, where, in addition to him, there were already more than 10 illegally detained people. They tied wires to his earlobes and electrocuted him with an electric shock device, and also filed his teeth with a file. After a while, the civilian man managed to escape by swimming across the river and reached the territory controlled by Ukraine.",ACLED API
2022-04-15,2022,Violence against civilians,Abduction/forced disappearance,NAF: United Armed Forces of Novorossiya,Civilians (Ukraine),Donetsk,Donetskyi,Donetsk,Donetsk,48.0150,37.8014,0,"Around 15 April 2022 (month of), 'DPR' forces abducted a local civilian man who worked at the international organization (local SMM/OSCE field-office) in the Russian-held Donetsk city, Donetsk. He was accused of 'espionage' for foreign intelligence services and later sentenced to 14 years in prison by the so-called 'DPR' court.",ACLED API
2022-04-15,2022,Violence against civilians,Abduction/forced disappearance,NAF: United Armed Forces of Novorossiya,Civilians (Ukraine),Luhansk,Luhanskyi,Luhansk,Luhansk,48.5670,39.3171,0,"Around 15 April 2022 (month of), 'LPR' forces abducted a local civilian man who worked at the international organization (local SMM/OSCE field-office) in the Russian-held Luhansk city, Luhansk. He was accused of 'espionage' for foreign intelligence services and later sentenced to 13 years in prison by the so-called 'LPR' court.",ACLED API
2022-04-15,2022,Explosions/Remote violence,Shelling/artillery/missile attack,Military Forces of Ukraine (2019-),Civilians (Ukraine),Donetsk,Donetskyi,Donetsk - Kirovskyi,Donetsk,47.9680,37.5475,0,"On 15 April 2022, Ukrainian forces fired BM-21 grad missiles, 122mm and 152mm mortars at Donetsk rebel positions in Donetsk - Kirovskyi, Donetsk. Two people were injured.",ACLED API
2022-04-15,2022,Explosions/Remote violence,Shelling/artillery/missile attack,Military Forces of Ukraine (2019-),,Donetsk,Donetskyi,Donetsk - Petrovskyi,Donetsk,47.9495,37.6138,0,"On 15 April 2022, Ukrainian forces fired 122mm mortars and BM-21 Grad missiles at Donetsk rebel positions in Donetsk - Petrovskyi, Donetsk. Houses were damaged on Udachna and Katowice streets. Casualties unknown.",ACLED API
2022-04-15,2022,Explosions/Remote violence,Shelling/artillery/missile attack,Military Forces of Ukraine (2019-),,Luhansk,Alchevskyi,Donetskyi,Donetsk,48.6963,38.6738,0,"On 15 April 2022, Ukrainian forces fired 122mm artillery on Luhansk rebel positions in Donetskyi, Luhansk. Casualties unknown.",ACLED API
2022-04-15,2022,Explosions/Remote violence,Air/drone strike,Military Forces of Ukraine (2019-) Air Force,,Donetsk,Horlivskyi,Holmivskyi,Donetsk,48.4046,38.0817,0,"On 15 April 2022, Ukrainian forces shelled DPR position in Holmivskyi, Donetsk, using a UAV. A building of the firefighting department on 2a/2 Gardina street was damaged. Casualties unknown.",ACLED API
2022-04-15,2022,Explosions/Remote violence,Shelling/artillery/missile attack,Military Forces of Ukraine (2019-),,Donetsk,Horlivskyi,Horlivka,Donetsk,48.3133,38.0416,0,"On 15 April 2022, Ukrainian forces fired 122mm artillery and 120mm mortars on Donetsk rebel positions in Horlivka, Donetsk. Casualties unknown.",ACLED API
2022-04-15,2022,Explosions/Remote violence,Shelling/artillery/missile attack,Military Forces of Ukraine (2019-),,Donetsk,Donetskyi,Oleksandrivka,Donetsk,47.9225,37.5710,0,"On 15 April 2022, Ukrainian forces fired 122mm mortars on Donetsk rebel positions in Oleksandrivka, Donetsk. Casualties unknown.",ACLED API
2022-04-15,2022,Explosions/Remote violence,Shelling/artillery/missile attack,Military Forces of Ukraine (2019-),,Donetsk,Horlivskyi,Panteleimonivka,Donetsk,48.2071,37.9729,0,"On 15 April 2022, Ukrainian forces fired 122mm mortars on Donetsk rebel positions in Panteleimonivka, Donetsk. Casualties unknown.",ACLED API
2022-04-15,2022,Explosions/Remote violence,Shelling/artillery/missile attack,Military Forces of Ukraine (2019-),,Luhansk,Alchevskyi,Pervomaisk,Luhansk,48.6295,38.5490,0,"On 15 April 2022, Ukrainian forces fired 122mm artillery on Luhansk rebel positions in Pervomaisk, Luhansk. Four houses and a hospital were damaged. Casualties unknown.",ACLED API
2022-04-15,2022,Explosions/Remote violence,Shelling/artillery/missile attack,Military Forces of Ukraine (2019-),,Donetsk,Donetskyi,Shakhta Trudovskaya,Donetsk,47.9512,37.5492,0,"On 15 April 2022, Ukrainian forces fired 122mm mortars at Donetsk rebel positions in Shakhta Trudovskaya, Donetsk. Casualties unknown.",ACLED API
2022-04-15,2022,Explosions/Remote violence,Shelling/artillery/missile attack,Military Forces of Ukraine (2019-),,Donetsk,Donetskyi,Staromykhaylivka,Donetsk,47.9914,37.5860,0,"On 15 April 2022, Ukrainian forces fired 120mm mortars at Donetsk rebel positions in Staromykhaylivka, Donetsk. Casualties unknown.",ACLED API
2022-04-15,2022,Explosions/Remote violence,Shelling/artillery/missile attack,Military Forces of Ukraine (2019-),Civilians (Ukraine),Donetsk,Donetskyi,Yasynuvata,Donetsk,48.1298,37.8594,1,"On 15 April 2022, Ukrainian forces fired BM-21 Grad missiles and 122 mortars on Yasynuvata, Donetsk. One worker of the machinery factory died, two others were injured. Around 40 buildings were damaged.",ACLED API
2022-04-15,2022,Explosions/Remote violence,Shelling/artillery/missile attack,Military Forces of Ukraine (2019-),,Donetsk,Horlivskyi,Zalizna Balka,Donetsk,48.3200,37.9215,0,"On 15 April 2022, Ukrainian forces fired SPG grenade launchers at Donetsk rebel positions in Zalizna Balka, Donetsk. Casualties unknown.",ACLED API
2022-04-15,2022,Explosions/Remote violence,Shelling/artillery/missile attack,Military Forces of Ukraine (2019-),,Luhansk,Sievierodonetskyi,Zolote-5,Donetsk,48.6719,38.5600,0,"On 15 April 2022, Ukrainian forces fired 122mm artillery on Luhansk rebel positions in Zolote-5, Luhansk. Two houses and a kindergarten were damaged. Casualties unknown.",ACLED API
2022-04-15,2022,Explosions/Remote violence,Air/drone strike,Military Forces of Russia (2000-) Air Force,Military Forces of Ukraine (2019-),Donetsk,Pokrovskyi,Horikhove,Donetsk,48.0987,36.9165,0,"On 15 April 2022, Russian air forces struck the Ukrainian military in Horikhove, Donetsk. Casualties unknown.",ACLED API
2022-04-15,2022,Battles,Armed clash,NAF: United Armed Forces of Novorossiya,Military Forces of Ukraine (2019-),Kharkiv,Iziumskyi,Borova,Kharkiv,49.3777,37.6214,0,"On 15 April 2022, 'L/DPR' and Russian forces clashed with Ukrainian forces in Borova, Kharkiv, for control over the town. Casualties unknown.",ACLED API
2022-04-15,2022,Battles,Armed clash,Military Forces of Russia (2000-),Military Forces of Ukraine (2019-),Kherson,Khersonskyi,Zelenyi Hai,Kherson,46.8288,32.4175,0,"On 15 April 2022, Russian and Ukrainian forces engaged in a fierce fighting in Zelenyi Hai, Kherson, for control over the settlement and the surrounding area. Casualties unknown.",ACLED API
2022-04-15,2022,Explosions/Remote violence,Shelling/artillery/missile attack,Military Forces of Russia (2000-),,Kharkiv,Bohodukhivskyi,Klynova Novoselivka,Kharkiv,50.3699,35.8254,0,"On 15 April 2022, Russian forces shelled Oleksandrivka, Kharkiv. No casualties.",ACLED API
2022-04-24,2022,Explosions/Remote violence,Shelling/artillery/missile attack,Military Forces of Russia (2000-),Civilians (Ukraine),Donetsk,Mariupolskyi,Mariupol,Mariupol,47.1298,37.5710,3,"On 24 April 2022, during the intense siege of Mariupol, Russian forces heavily shelled Mariupol city, Donetsk. A family of three attempted to take cover but the fallen debris killed a 14-year-old girl (she was a weightlifter athlete) and her mother instantly while her son who ran after them was shot dead by a Russian sniper.",ACLED API
2022-05-03,2022,Protests,Peaceful protest,Protesters (Ukraine),,Zaporizhia,Zaporizkyi,Zaporizhia,Zaporizhia,47.8479,35.1602,0,"On 3 May 2022, relatives and friends of the servicemen that stayed in Azovstal plant gathered in Zaporizhia, calling on world leaders to help evacuate them from the Azovstal plant, which was besieged by Russian troops.",ACLED API
2022-09-21,2022,Strategic developments,Agreement,Government of Ukraine (2019-),Government of Russia (2000-),Kyiv City,Kyiv,Kyiv,Kyiv,50.4496,30.5224,0,"On 21 September 2022, a prisoner exchange took place between Russia and Ukraine (coded to Kyiv, Ukraine). 215 prisoners we returned to Ukraine, including the commanders of Azov Regiment and marines, who were held in the Russian captivity after the siege of Mariupol, as well as Mariupol police officers, paramedics etc., as well as 10 foreign citizens. 55 Russian POWs and a former pro-Russian politician Viktor Medvedchuk were transferred to Russia.",ACLED API
